id,location_info,location_href,main_text,hastag,like,date_text,user_id,Posts,Followers,user_profile
solchan_i,Gimcheon,https://www.instagram.com/explore/locations/264862653/gimcheon/,"solchan_i π΅ μ¤λμ μ†λ‹ λ§μ΄, νΈμ•ν• μ‰Ό_μ΄ λμ‹κΈΈπ€ . . #μ—μ–΄λΉ„μ•¤λΉ„ #μ†”κ³Όλ°¤ #κΉ€μ²μ—¬ν–‰ #κΉ€μ²μ™μ† #κΉ€μ²μ™λ°• #νμ¤ν…μ΄ 5μΌ","['μ—μ–΄λΉ„μ•¤λΉ„', 'μ†”κ³Όλ°¤', 'κΉ€μ²μ—¬ν–‰', 'κΉ€μ²μ™μ†', 'κΉ€μ²μ™λ°•', 'νμ¤ν…μ΄']",55,2021λ…„ 11μ›” 5μΌ,solchan_i,407.0,356.0,α„α…΅α„ƒα…®α„‡α…΅α‡€ α„‰α…µα†«α„’α…©α†«α„‹α…µα†―α„€α…µ μ‹ν’μ  μ†”μ°¬&μ¨μ΄λ„¤ μ‹κ³¨μ§‘μ— λ†€λ¬μ¤μ„Έμ”π . μμ•½λ¬Έμ: μ—μ–΄λΉ„μ•¤λΉ„ λ©”μ‹μ§€ μ£Όμ‹λ©΄ κ°€μ¥ λΉ λ¥΄κ² ν™•μΈ κ°€λ¥ν•©λ‹λ‹¤ . π¥π¥π¥π¥π¥π¥π¥π¥π¥π¥ www.airbnb.com/h/farmstay-solbam
seoul_sup,NULL,NULL,seoul_sup #κΉ€μ²λ¬΄μΈν…” #κΉ€μ²νΈν…” #κΉ€μ²μ™μ† #κΉ€μ²μ™λ°• #κΉ€μ²λ¨ν…” #κΉ€μ²μ•„ν¬λ¨ν…” #κΉ€μ²μ•„ν¬λ¬΄μΈν…” #μ‹ν¬λ¦ΏλΉ„μ§€λ‹μ¤λ¨ν…” 73μ£Ό,"['κΉ€μ²λ¬΄μΈν…”', 'κΉ€μ²νΈν…”', 'κΉ€μ²μ™μ†', 'κΉ€μ²μ™λ°•', 'κΉ€μ²λ¨ν…”', 'κΉ€μ²μ•„ν¬λ¨ν…”', 'κΉ€μ²μ•„ν¬λ¬΄μΈν…”', 'μ‹ν¬λ¦ΏλΉ„μ§€λ‹μ¤λ¨ν…”']",9,2020λ…„ 6μ›” 12μΌ,seoul_sup,4181.0,14350.0,μ„μΈμ΄λ†
coejeongseon888,NULL,NULL,coejeongseon888 μ°λ¦¬ μ—μ λ¥΄λ” μ§€κΈ μ¥λ―Έ λ§λ°~β™΅ μ¥λ―Έλ΅ κ½ƒκ½ƒμ΄λ¥Ό μ«μ•…~β™΅ μ—­μ‹ μ¥λ―Έλ” ν–¥μ΄ κµΏ~β™΅β™΅β™΅ λ‚¨μ€ μ¥λ―Έ μ§μ›λ“¤λΌλ¦¬ λ¶„λ°°ν•λ ¤κµ¬ λ‹΄μ•μ–΄μ” μμ μ‹ λ¬Έ μ•„λ‹μ—¬λ„ ν•κΈ€ μ‹ λ¬Έμ΄λΌλ„ λ„ μ΄μ¨~β™΅ #μ—μ λ¥΄ #μ—μ λ¥΄νλ§κ°€λ“  #μ—μ λ¥΄μ‹ν¬λ¦Ώκ°€λ“  #μ—μ λ¥΄ν‰μƒκµμ΅μ› #κΉ€μ²ν•«ν”λ μ΄μ¤ #κΉ€μ²μ‹κ°λ§ν•κ³³ #κµ¬λ―Έμ‹κ°λ§ν•κ³³ #κµ¬λ―Έν•«ν”λ μ΄μ¤ #μ•„ν¬μ—μ λ¥΄ #κΉ€μ²μ—μ λ¥΄ #κΉ€μ²μ²΄ν—ν•™μµ #κΉ€μ²μ‚¬νμ κΈ°μ—… #μ²΄ν—κ΄€κ΄‘ #κΉ€μ²μ™λ°• #κΉ€μ²μ„Έλ―Έλ‚λ£Έ 74μ£Ό,"['μ—μ λ¥΄', 'μ—μ λ¥΄νλ§κ°€λ“ ', 'μ—μ λ¥΄μ‹ν¬λ¦Ώκ°€λ“ ', 'μ—μ λ¥΄ν‰μƒκµμ΅μ›', 'κΉ€μ²ν•«ν”λ μ΄μ¤', 'κΉ€μ²μ‹κ°λ§ν•κ³³', 'κµ¬λ―Έμ‹κ°λ§ν•κ³³', 'κµ¬λ―Έν•«ν”λ μ΄μ¤', 'μ•„ν¬μ—μ λ¥΄', 'κΉ€μ²μ—μ λ¥΄', 'κΉ€μ²μ²΄ν—ν•™μµ', 'κΉ€μ²μ‚¬νμ κΈ°μ—…', 'μ²΄ν—κ΄€κ΄‘', 'κΉ€μ²μ™λ°•', 'κΉ€μ²μ„Έλ―Έλ‚λ£Έ']",52,2020λ…„ 6μ›” 9μΌ,coejeongseon888,65.0,895.0,#μ—μ λ¥΄ κ²½λ¶ κΉ€μ²μ‹ μ•„ν¬μ ν™©μ†κΈΈ 76 μ—μ λ¥΄λ” μ‚¬νμ  κ°€μΉμ μ΄λ…μ„ κ°€μ§€κ³  λ΄‰μ‚¬μ™€ μ‹¤μ²μΌλ΅ μ‚¬νμ— ν™μ›ν•  μ μλ„λ΅ λ…Έλ ¥ν•λ” μ‚¬νμ  κΈ°μ—…μ…λ‹λ‹¤. #μ—μ λ¥΄ #μ—μ λ¥΄μ²΄ν— #μ—μ λ¥΄μΉ΄ν #μ—μ λ¥΄νλ§κ°€λ“  #μ—μ λ¥΄μ¤μΏ¨ #κΉ€μ²μ—μ λ¥΄ #κµ¬λ―Έμ—μ λ¥΄ μΈμ¤νƒ€κ·Έλ¨ ν™μ©μ‹ λ¶€νƒλ“λ¦½λ‹λ‹¤. www.ezeredu.com
instainkorea,NULL,NULL,instainkorea #κΉ€μ²λ¬΄μΈν…” #κΉ€μ²νΈν…” #κΉ€μ²μ™μ† #κΉ€μ²μ™λ°• #κΉ€μ²λ¨ν…” #κΉ€μ²μ•„ν¬λ¨ν…” #κΉ€μ²μ•„ν¬λ¬΄μΈν…” #μ‹ν¬λ¦ΏλΉ„μ§€λ‹μ¤λ¨ν…” 74μ£Ό,"['κΉ€μ²λ¬΄μΈν…”', 'κΉ€μ²νΈν…”', 'κΉ€μ²μ™μ†', 'κΉ€μ²μ™λ°•', 'κΉ€μ²λ¨ν…”', 'κΉ€μ²μ•„ν¬λ¨ν…”', 'κΉ€μ²μ•„ν¬λ¬΄μΈν…”', 'μ‹ν¬λ¦ΏλΉ„μ§€λ‹μ¤λ¨ν…”']",6,2020λ…„ 6μ›” 5μΌ,instainkorea,4474.0,40641.0,α„ƒα…Άα„’α…΅α†«α„†α…µα†«α„€α…®α†¨ α„ƒα…Άα„‘α…­ α„‹α…µα†«α„‰α…³α„α…΅α„€α…³α„…α…Άα†· π“•π“·π“½λ€ν•λ―Όκµ­ μ „κµ­μ„ κ°„λ‹¤~~π± odiya.kr
cij1492,μ λ΅λ¨ν…”,https://www.instagram.com/explore/locations/114889245727447/,cij1492 μ½”λ΅λ‚μ΄ν›„ μ²μμΌλ΅ μ™λ°• λ§μ‹¤ν•λ‚ μ‹¶μ—λ”λ‹ λ€μ‹¤μ΄ ν•λ‚ λ“¤μ–΄μ™€λ²„λ Έλ‹¤ γ…λ³Έλ ν† μ”μΌμ΄λ©΄ λ‚®μ— λ€μ‹¤μ΄ κ½‰ μ°¨μ„ λμ•„κ°€λ” μ°¨λ“¤μ΄ λ§μ§€λ§ μ”μ¦μ€ κ·Έλ°μΌμ΄ μ—†λ‹¤ γ…μ½”λ΅λ‚λ•μ‹ λ¨λ‘λ‹¤ νλ“¤κ² μ§€λ§ μ™λ°•μ—…λ„ νƒ€κ²©μ΄ μƒλ‹Ήν•λ‹¤.μ•Όκ°„κ·Όλ¬΄μκ°€ μ—†μ–΄μ„ ν•λ‹¬μ§Έ μ•λ‚΄μ‹¤ μ•Όκ°„λ³΄λ”μ¤‘.λ‹¤ν–‰μ΄ μ¤λμ΄ λ§μ§€λ§‰ κ·Όλ¬΄.μ§‘μ—μ„ μκ³ μ‹¶λ‹¤ γ… #κΉ€μ²μ™λ°• #κΉ€μ²μ λ΅λ¨ν…” #κΉ€μ²λ¬΄μΈν…” #μ§μ§€μ‚¬λ¨ν…” #μ λ΅λ¨ν…” #μ½”λ΅λ‚ #μ½”λ΅λ‚κΊΌμ Έ #λ°°κ·Έλ¨ν…” #κΉ€μ²λ¨ν…” 75μ£Ό,"['κΉ€μ²μ™λ°•', 'κΉ€μ²μ λ΅λ¨ν…”', 'κΉ€μ²λ¬΄μΈν…”', 'μ§μ§€μ‚¬λ¨ν…”', 'μ λ΅λ¨ν…”', 'μ½”λ΅λ‚', 'μ½”λ΅λ‚κΊΌμ Έ', 'λ°°κ·Έλ¨ν…”', 'κΉ€μ²λ¨ν…”']",19,2020λ…„ 5μ›” 30μΌ,cij1492,199.0,518.0,μ„ μΌμ „ν†µμ°½νΈ κΉ€μ²μµλ©μ μ§‘ μλ¦¬/μΈν…λ¦¬μ–΄ μ•κ³Ό λ°–μ„ κ²½κ³„μ§“λ‹¤-μ „ν†µμ°½νΈ 010-2540-6214 #carpenter #woodworking #woodworker #wooddoor #architecture #desine #customdoors #μ „ν†µμ‚΄λ¬Έ #μ „ν†µμ°½νΈ #λ©μ #μ„ μΌμ°½νΈ m.blog.naver.com/cij1492
instainkorea,NULL,NULL,instainkorea #α„€α…µα†·α„α…¥α†«α„†α…®α„‹α…µα†«α„α…¦α†―#α„€α…µα†·α„α…¥α†«α„’α…©α„α…¦α†―#α„€α…µα†·α„α…¥α†«α„‰α…®α†¨α„‰α…©#α„€α…µα†·α„α…¥α†«α„‰α…®α†¨α„‡α…΅α†¨#α„€α…µα†·α„α…¥α†«α„†α…©α„α…¦α†―#α„€α…µα†·α„α…¥α†«α„‹α…΅α„‘α…©α„†α…©α„α…¦α†―#α„€α…µα†·α„α…¥α†«α„‹α…΅α„‘α…©α„†α…®α„‹α…µα†«α„α…¦α†―#α„α…®α„α…¥α†«#α„‰α…µα„α…³α„…α…µα†Ία„‡α…µα„α…³α„‚α…µα„‰α…³α„†α…©α„α…¦α†―#α„€α…µα†·α„α…¥α†«#α„†α…®α„‹α…µα†«α„α…¦α†―#α„‰α…®α†¨α„‰α…©#α„‰α…®α†¨α„‡α…΅α†¨#α„†α…©α„α…¦α†―#α„‰α…®α†¨α„‡α…΅α†¨#α„‹α…α†«α„α…¥α†«#α„€α…΅α†Όα„α…®#α„‘α…§α†«α„’α…΅α†«α„€α…©α†Ί#α„€α…΅α„α…©α†¨#α„α…µα†«α„€α…®#α„‹α…§α†«α„‹α…µα†«α„ƒα…³α†―α„α…µα„…α…µ#α„€α…΅α†Όα„α…® 79μ£Ό,"['α„€α…µα†·α„α…¥α†«α„†α…®α„‹α…µα†«α„α…¦α†―', 'α„€α…µα†·α„α…¥α†«α„’α…©α„α…¦α†―', 'α„€α…µα†·α„α…¥α†«α„‰α…®α†¨α„‰α…©', 'α„€α…µα†·α„α…¥α†«α„‰α…®α†¨α„‡α…΅α†¨', 'α„€α…µα†·α„α…¥α†«α„†α…©α„α…¦α†―', 'α„€α…µα†·α„α…¥α†«α„‹α…΅α„‘α…©α„†α…©α„α…¦α†―', 'α„€α…µα†·α„α…¥α†«α„‹α…΅α„‘α…©α„†α…®α„‹α…µα†«α„α…¦α†―', 'α„α…®α„α…¥α†«', 'α„‰α…µα„α…³α„…α…µα†Ία„‡α…µα„α…³α„‚α…µα„‰α…³α„†α…©α„α…¦α†―', 'α„€α…µα†·α„α…¥α†«', 'α„†α…®α„‹α…µα†«α„α…¦α†―', 'α„‰α…®α†¨α„‰α…©', 'α„‰α…®α†¨α„‡α…΅α†¨', 'α„†α…©α„α…¦α†―', 'α„‰α…®α†¨α„‡α…΅α†¨', 'α„‹α…α†«α„α…¥α†«', 'α„€α…΅α†Όα„α…®', 'α„‘α…§α†«α„’α…΅α†«α„€α…©α†Ί', 'α„€α…΅α„α…©α†¨', 'α„α…µα†«α„€α…®', 'α„‹α…§α†«α„‹α…µα†«α„ƒα…³α†―α„α…µα„…α…µ', 'α„€α…΅α†Όα„α…®']",3,2020λ…„ 5μ›” 6μΌ,,,,
olivia_like_you,NULL,NULL,olivia_like_you #κΉ€μ²λ¬΄μΈν…”#κΉ€μ²νΈν…”#κΉ€μ²μ™μ†#κΉ€μ²μ™λ°•#κΉ€μ²λ¨ν…”#κΉ€μ²μ•„ν¬λ¨ν…”#κΉ€μ²μ•„ν¬λ¬΄μΈν…”#μ¶”μ²#μ‹ν¬λ¦ΏλΉ„μ¦λ‹μ¤λ¨ν…”#κΉ€μ²#λ¬΄μΈν…”#μ™μ†#μ™λ°•#λ¨ν…”#μ™λ°•#μ™„μ „#κ°•μ¶”#νΈν•κ³³#κ°€μ΅±#μΉκµ¬#μ—°μΈλ“¤λΌλ¦¬#κ°•μ¶” 86μ£Ό,"['κΉ€μ²λ¬΄μΈν…”', 'κΉ€μ²νΈν…”', 'κΉ€μ²μ™μ†', 'κΉ€μ²μ™λ°•', 'κΉ€μ²λ¨ν…”', 'κΉ€μ²μ•„ν¬λ¨ν…”', 'κΉ€μ²μ•„ν¬λ¬΄μΈν…”', 'μ¶”μ²', 'μ‹ν¬λ¦ΏλΉ„μ¦λ‹μ¤λ¨ν…”', 'κΉ€μ²', 'λ¬΄μΈν…”', 'μ™μ†', 'μ™λ°•', 'λ¨ν…”', 'μ™λ°•', 'μ™„μ „', 'κ°•μ¶”', 'νΈν•κ³³', 'κ°€μ΅±', 'μΉκµ¬', 'μ—°μΈλ“¤λΌλ¦¬', 'κ°•μ¶”']",5,2020λ…„ 3μ›” 16μΌ,olivia_like_you,2263.0,13670.0,seven
carpediemzzang,NULL,NULL,carpediemzzang #κΉ€μ²λ¬΄μΈν…”#κΉ€μ²νΈν…”#κΉ€μ²μ™μ†#κΉ€μ²μ™λ°•#κΉ€μ²λ¨ν…”#κΉ€μ²μ•„ν¬λ¨ν…”#κΉ€μ²μ•„ν¬λ¬΄μΈν…”#μ¶”μ²#μ‹ν¬λ¦ΏλΉ„μ¦λ‹μ¤λ¨ν…”#κΉ€μ²#λ¬΄μΈν…”#μ™μ†#μ™λ°•#λ¨ν…”#μ™λ°•#μ™„μ „#κ°•μ¶”#νΈν•κ³³#κ°€μ΅±#μΉκµ¬#μ—°μΈλ“¤λΌλ¦¬#κ°•μ¶” 88μ£Ό,"['κΉ€μ²λ¬΄μΈν…”', 'κΉ€μ²νΈν…”', 'κΉ€μ²μ™μ†', 'κΉ€μ²μ™λ°•', 'κΉ€μ²λ¨ν…”', 'κΉ€μ²μ•„ν¬λ¨ν…”', 'κΉ€μ²μ•„ν¬λ¬΄μΈν…”', 'μ¶”μ²', 'μ‹ν¬λ¦ΏλΉ„μ¦λ‹μ¤λ¨ν…”', 'κΉ€μ²', 'λ¬΄μΈν…”', 'μ™μ†', 'μ™λ°•', 'λ¨ν…”', 'μ™λ°•', 'μ™„μ „', 'κ°•μ¶”', 'νΈν•κ³³', 'κ°€μ΅±', 'μΉκµ¬', 'μ—°μΈλ“¤λΌλ¦¬', 'κ°•μ¶”']",13,2020λ…„ 3μ›” 3μΌ,carpediemzzang,866.0,14022.0,"κΉλ¥΄νλ””μ—  ""ν„μ¬λ¥Ό μ¦κ²¨λΌ"" μ„Έμƒμλ§›..λ‚λ§μλ©‹.. κ·Έλ¦¬κ³ ..μ‚¬λ‘κ°€λ“ν• μΌμƒ"
seoul_sup,NULL,NULL,seoul_sup #κΉ€μ²λ¬΄μΈν…”#κΉ€μ²νΈν…”#κΉ€μ²μ™μ†#κΉ€μ²μ™λ°•#κΉ€μ²λ¨ν…”#κΉ€μ²μ•„ν¬λ¨ν…”#κΉ€μ²μ•„ν¬λ¬΄μΈν…”#μ¶”μ²#κΉ€μ²#λ¬΄μΈν…”#κΉ€μ²λ¬΄μΈν…”μ¶”μ²#κΉ€μ²νΈν…”μ¶”μ²#μ™μ†μ¶”μ²#κΉ€μ²μ™μ†μ¶”μ²#κΉ€μ²λ¨ν…”μ¶”μ²#νΈν…”#λ¨ν…”#μ™λ°•#μ™„μ „#κ°•μ¶”#μ‹ν¬λ¦ΏλΉ„μ¦λ‹μ¤λ¨ν…” 94μ£Ό,"['κΉ€μ²λ¬΄μΈν…”', 'κΉ€μ²νΈν…”', 'κΉ€μ²μ™μ†', 'κΉ€μ²μ™λ°•', 'κΉ€μ²λ¨ν…”', 'κΉ€μ²μ•„ν¬λ¨ν…”', 'κΉ€μ²μ•„ν¬λ¬΄μΈν…”', 'μ¶”μ²', 'κΉ€μ²', 'λ¬΄μΈν…”', 'κΉ€μ²λ¬΄μΈν…”μ¶”μ²', 'κΉ€μ²νΈν…”μ¶”μ²', 'μ™μ†μ¶”μ²', 'κΉ€μ²μ™μ†μ¶”μ²', 'κΉ€μ²λ¨ν…”μ¶”μ²', 'νΈν…”', 'λ¨ν…”', 'μ™λ°•', 'μ™„μ „', 'κ°•μ¶”', 'μ‹ν¬λ¦ΏλΉ„μ¦λ‹μ¤λ¨ν…”']",12,2020λ…„ 1μ›” 21μΌ,,,,
samdamong,μ§μ§€μ‚¬ (η›΄ζ‡ε―Ί),https://www.instagram.com/explore/locations/297918710811268/,samdamong #κΉ€μ²νλ§ν”λ μ΄μ¤ π‘‘ μ¤λμ ν”Όλ΅λ¥Ό μ—¬κΈ°μ„ λ‚ λ ¤λ²„λ¦¬κ³ ~ ν™κΈ°μ°¬ λ‚΄μΌμ„ μ—¬κΈ°μ„ μ‹μ‘ν•μ„Έμ”!! [ μ‚¬μ°λ‚>μ¤ν>λ§μ‚¬μ§€>κΏ€μ >ν’€μ½”μ¤ ] γ† γ† β­ μ²΄μ΅κ²½κΈ° κ΄€λ ¨ μ„ μλ‹¨ν™μπ‘ β­ κ°μΆ… μ„Έλ―Έλ‚ κ΄€λ ¨ λ‹¨μ²΄μμ•½ν™μπ‘ β­ κΉ€μ²μ—¬ν–‰ λ‹¨μ²΄μ†λ‹ν™μπ‘ β­ μμ•½λ¬Έμ 054) 434-8007π‘ γ† γ† #λ‹¨μ²΄μ†λ‹ #λ‹¨μ²΄μ†λ‹ν™μ #μ„ μλ‹¨ν™μ #μ„ μλ‹¨μ™μ†μ¶”μ² #μ„ μλ‹¨μ™μ† #κΉ€μ²ν•«ν” #κΉ€μ²μ—¬ν–‰ #κΉ€μ²μ§μ§€μ‚¬ #κΉ€μ²μ™λ°• #κΉ€μ² #κΉ€μ²λ¨ν…” #κΉ€μ²μ™λ°• #κΉ€μ²λ¨ν…”μ¶”μ² #κΉ€μ²νλ§λ¨ν…” #κΉ€μ²λ§›μ§‘ #κΉ€μ²λ§›μ§‘ν¬μ–΄ #κΉ€μ²λ§›μ§‘κ·Όμ²μ™λ°• #νλ§λ¨ν…” #κΉ€μ²μ¶μ¥ #κΉ€μ²μ„Ένƒλ§›μ§‘ #κΉ€μ²λ¬΄μΈν…” #νλ§λ¬΄μΈν…” #μ„λΉ„μ¤λ§›μ§‘ #μ„Ένƒμ„Έμ λ§›μ§‘ #λ€μ©λ‰μ„Ένƒμ„Έμ  #ν”„λ¦¬λ―Έμ—„μ„Ένƒμ„Έμ  #μ¤λ³΄μ—μ„Ένƒμ„Έμ  #μ¤λ³΄μ—κΉ€μ² #μ¤λ³΄μ—μ¤νƒ€κ·Έλ¨ 100μ£Ό,"['κΉ€μ²νλ§ν”λ μ΄μ¤', 'λ‹¨μ²΄μ†λ‹', 'λ‹¨μ²΄μ†λ‹ν™μ', 'μ„ μλ‹¨ν™μ', 'μ„ μλ‹¨μ™μ†μ¶”μ²', 'μ„ μλ‹¨μ™μ†', 'κΉ€μ²ν•«ν”', 'κΉ€μ²μ—¬ν–‰', 'κΉ€μ²μ§μ§€μ‚¬', 'κΉ€μ²μ™λ°•', 'κΉ€μ²', 'κΉ€μ²λ¨ν…”', 'κΉ€μ²μ™λ°•', 'κΉ€μ²λ¨ν…”μ¶”μ²', 'κΉ€μ²νλ§λ¨ν…”', 'κΉ€μ²λ§›μ§‘', 'κΉ€μ²λ§›μ§‘ν¬μ–΄', 'κΉ€μ²λ§›μ§‘κ·Όμ²μ™λ°•', 'νλ§λ¨ν…”', 'κΉ€μ²μ¶μ¥', 'κΉ€μ²μ„Ένƒλ§›μ§‘', 'κΉ€μ²λ¬΄μΈν…”', 'νλ§λ¬΄μΈν…”', 'μ„λΉ„μ¤λ§›μ§‘', 'μ„Ένƒμ„Έμ λ§›μ§‘', 'λ€μ©λ‰μ„Ένƒμ„Έμ ', 'ν”„λ¦¬λ―Έμ—„μ„Ένƒμ„Έμ ', 'μ¤λ³΄μ—μ„Ένƒμ„Έμ ', 'μ¤λ³΄μ—κΉ€μ²', 'μ¤λ³΄μ—μ¤νƒ€κ·Έλ¨']",31,2019λ…„ 12μ›” 9μΌ,samdamong,1354.0,1388.0,ε¤Ά κ°μΈ λΈ”λ΅κ·Έ
samdamong,κΉ€μ² μ§μ§€μ‚¬,https://www.instagram.com/explore/locations/246949217/,samdamong #κΉ€μ²λ¨ν…”λ§›μ§‘ λ‹¤μ–‘ν• μΉ¨μ‹¤ λ‚΄μ§‘κ°™μ€ μ μλ¦¬ π’¤π’¤ π™ μ£ΌμΈμ΄ μ§μ ‘ μ²­μ†ν•κ³  κ΄€λ¦¬!! π™ μµκ³ μ μ‹μ„¤!! μµμƒμ μ»¨λ””μ…!! π™ κ°€λ³΄λ©΄ λ κ°€κ²λλ” μ μλ¦¬λ§›μ§‘!! γ† γ† β­ μ²΄μ΅κ²½κΈ° κ΄€λ ¨ μ„ μλ‹¨ν™μπ‘ β­ κ°μΆ… μ„Έλ―Έλ‚ κ΄€λ ¨ λ‹¨μ²΄μμ•½ν™μπ‘ β­ κΉ€μ²μ—¬ν–‰ λ‹¨μ²΄μ†λ‹ν™μπ‘ β­ μμ•½λ¬Έμ 054) 434-8007π‘ γ† γ† #λ‹¨μ²΄μ†λ‹ #λ‹¨μ²΄μ†λ‹ν™μ #μ„ μλ‹¨ν™μ #μ„ μλ‹¨μ™μ†μ¶”μ² #μ„ μλ‹¨μ™μ† #κΉ€μ²ν•«ν” #κΉ€μ²μ—¬ν–‰ #κΉ€μ²μ§μ§€μ‚¬ #κΉ€μ²μ™λ°• #κΉ€μ² #κΉ€μ²λ¨ν…” #κΉ€μ²μ™λ°• #κΉ€μ²λ¨ν…”μ¶”μ² #κΉ€μ²νλ§λ¨ν…” #κΉ€μ²λ§›μ§‘ #κΉ€μ²λ§›μ§‘ν¬μ–΄ #κΉ€μ²λ§›μ§‘κ·Όμ²μ™λ°• #νλ§λ¨ν…” #κΉ€μ²μ¶μ¥ #κΉ€μ²μ„Ένƒλ§›μ§‘ #κΉ€μ²λ¬΄μΈν…” #νλ§λ¬΄μΈν…” #μ„λΉ„μ¤λ§›μ§‘ #μ„Ένƒμ„Έμ λ§›μ§‘ #λ€μ©λ‰μ„Ένƒμ„Έμ  #ν”„λ¦¬λ―Έμ—„μ„Ένƒμ„Έμ  #μ¤λ³΄μ—μ„Ένƒμ„Έμ  #μ¤λ³΄μ—κΉ€μ² #μ¤λ³΄μ—μ¤νƒ€κ·Έλ¨ 100μ£Ό,"['κΉ€μ²λ¨ν…”λ§›μ§‘', 'λ‹¨μ²΄μ†λ‹', 'λ‹¨μ²΄μ†λ‹ν™μ', 'μ„ μλ‹¨ν™μ', 'μ„ μλ‹¨μ™μ†μ¶”μ²', 'μ„ μλ‹¨μ™μ†', 'κΉ€μ²ν•«ν”', 'κΉ€μ²μ—¬ν–‰', 'κΉ€μ²μ§μ§€μ‚¬', 'κΉ€μ²μ™λ°•', 'κΉ€μ²', 'κΉ€μ²λ¨ν…”', 'κΉ€μ²μ™λ°•', 'κΉ€μ²λ¨ν…”μ¶”μ²', 'κΉ€μ²νλ§λ¨ν…”', 'κΉ€μ²λ§›μ§‘', 'κΉ€μ²λ§›μ§‘ν¬μ–΄', 'κΉ€μ²λ§›μ§‘κ·Όμ²μ™λ°•', 'νλ§λ¨ν…”', 'κΉ€μ²μ¶μ¥', 'κΉ€μ²μ„Ένƒλ§›μ§‘', 'κΉ€μ²λ¬΄μΈν…”', 'νλ§λ¬΄μΈν…”', 'μ„λΉ„μ¤λ§›μ§‘', 'μ„Ένƒμ„Έμ λ§›μ§‘', 'λ€μ©λ‰μ„Ένƒμ„Έμ ', 'ν”„λ¦¬λ―Έμ—„μ„Ένƒμ„Έμ ', 'μ¤λ³΄μ—μ„Ένƒμ„Έμ ', 'μ¤λ³΄μ—κΉ€μ²', 'μ¤λ³΄μ—μ¤νƒ€κ·Έλ¨']",28,2019λ…„ 12μ›” 8μΌ,,,,
samdamong,Gimcheon,https://www.instagram.com/explore/locations/264862653/gimcheon/,samdamong #κΉ€μ²νλ§λ¨ν…” λ¶„λ¦¬μκ±°β™»οΈλ¶„λ¦¬μ„Ένƒβ™»οΈμμ²΄μ„Ένƒβ™»οΈ μ—¬λ¬λ€ μ„ΈνƒκΈ° λ¶„λ¦¬μ„Ένƒ!! μ—„κ²©ν• κ΄€λ¦¬!! κ°μ‹¤μ©ν’ λ”°λ΅!! ν—λ“λ λΉ¨λ λ”°λ΅!! μ²­κ²°λ΅λ” κΉ€μ² μµκ³ π‘ λ‘μ§Έκ°€λΌλ©΄ μ„λ¬μΈ μ •λ„π™ γ† γ† β­ μ²΄μ΅κ²½κΈ° κ΄€λ ¨ μ„ μλ‹¨ν™μπ‘ β­ κ°μΆ… μ„Έλ―Έλ‚ κ΄€λ ¨ λ‹¨μ²΄μμ•½ν™μπ‘ β­ κΉ€μ²μ—¬ν–‰ λ‹¨μ²΄μ†λ‹ν™μπ‘ β­ μμ•½λ¬Έμ 054) 434-8007π‘ γ† γ† #λ‹¨μ²΄μ†λ‹ #λ‹¨μ²΄μ†λ‹ν™μ #μ„ μλ‹¨ν™μ #μ„ μλ‹¨μ™μ†μ¶”μ² #μ„ μλ‹¨μ™μ† #κΉ€μ²ν•«ν” #κΉ€μ²μ—¬ν–‰ #κΉ€μ²μ§μ§€μ‚¬ #κΉ€μ²μ™λ°• #κΉ€μ² #κΉ€μ²λ¨ν…” #κΉ€μ²μ™λ°• #κΉ€μ²λ¨ν…”μ¶”μ² #κΉ€μ²λ¨ν…”λ§›μ§‘ #κΉ€μ²λ§›μ§‘ #κΉ€μ²λ§›μ§‘ν¬μ–΄ #κΉ€μ²λ§›μ§‘κ·Όμ²μ™λ°• #νλ§λ¨ν…” #κΉ€μ²μ¶μ¥ #κΉ€μ²μ„Ένƒλ§›μ§‘ #κΉ€μ²λ¬΄μΈν…” #νλ§λ¬΄μΈν…” #μ„λΉ„μ¤λ§›μ§‘ #μ„Ένƒμ„Έμ λ§›μ§‘ #λ€μ©λ‰μ„Ένƒμ„Έμ  #ν”„λ¦¬λ―Έμ—„μ„Ένƒμ„Έμ  #μ¤λ³΄μ—μ„Ένƒμ„Έμ  #μ¤λ³΄μ—κΉ€μ² #μ¤λ³΄μ—μ¤νƒ€κ·Έλ¨ 100μ£Ό,"['κΉ€μ²νλ§λ¨ν…”', 'λ‹¨μ²΄μ†λ‹', 'λ‹¨μ²΄μ†λ‹ν™μ', 'μ„ μλ‹¨ν™μ', 'μ„ μλ‹¨μ™μ†μ¶”μ²', 'μ„ μλ‹¨μ™μ†', 'κΉ€μ²ν•«ν”', 'κΉ€μ²μ—¬ν–‰', 'κΉ€μ²μ§μ§€μ‚¬', 'κΉ€μ²μ™λ°•', 'κΉ€μ²', 'κΉ€μ²λ¨ν…”', 'κΉ€μ²μ™λ°•', 'κΉ€μ²λ¨ν…”μ¶”μ²', 'κΉ€μ²λ¨ν…”λ§›μ§‘', 'κΉ€μ²λ§›μ§‘', 'κΉ€μ²λ§›μ§‘ν¬μ–΄', 'κΉ€μ²λ§›μ§‘κ·Όμ²μ™λ°•', 'νλ§λ¨ν…”', 'κΉ€μ²μ¶μ¥', 'κΉ€μ²μ„Ένƒλ§›μ§‘', 'κΉ€μ²λ¬΄μΈν…”', 'νλ§λ¬΄μΈν…”', 'μ„λΉ„μ¤λ§›μ§‘', 'μ„Ένƒμ„Έμ λ§›μ§‘', 'λ€μ©λ‰μ„Ένƒμ„Έμ ', 'ν”„λ¦¬λ―Έμ—„μ„Ένƒμ„Έμ ', 'μ¤λ³΄μ—μ„Ένƒμ„Έμ ', 'μ¤λ³΄μ—κΉ€μ²', 'μ¤λ³΄μ—μ¤νƒ€κ·Έλ¨']",36,2019λ…„ 12μ›” 6μΌ,,,,
samdamong,κΉ€μ² μ§μ§€μ‚¬,https://www.instagram.com/explore/locations/246949217/,samdamong #κΉ€μ²ν•«ν”λ μ΄μ¤ μ μ€ μ΄λ“¤μ„ μ„ν• [μ μ€ VIPλ£Έ] π’ κΉ€μ² μµκ³ μ μ‹μ„¤!! μµμ„ μ μ„λΉ„μ¤!! [24μ‹κ°„] ν’€κ°€λ™!! λ”°λ»ν• κ³ κ°λ€κΈ°!! κΉ€μ²μ— κ°€λ©΄ λ¬΄μ΅°κ±΄ μ—¬κΈ°μ” π’ γ† γ† β­ μ²΄μ΅κ²½κΈ° κ΄€λ ¨ μ„ μλ‹¨ν™μπ‘ β­ κ°μΆ… μ„Έλ―Έλ‚ κ΄€λ ¨ λ‹¨μ²΄μμ•½ν™μπ‘ β­ κΉ€μ²μ—¬ν–‰ λ‹¨μ²΄μ†λ‹ν™μπ‘ γ† γ† #λ‹¨μ²΄μ†λ‹ #λ‹¨μ²΄μ†λ‹ν™μ #μ„ μλ‹¨ν™μ #μ„ μλ‹¨μ™μ†μ¶”μ² #μ„ μλ‹¨μ™μ† #κΉ€μ²ν•«ν” #κΉ€μ²μ—¬ν–‰ #κΉ€μ²μ§μ§€μ‚¬ #κΉ€μ²μ™λ°• #κΉ€μ² #κΉ€μ²λ¨ν…” #κΉ€μ²μ™λ°• #κΉ€μ²λ¨ν…”μ¶”μ² #κΉ€μ²λ¨ν…”λ§›μ§‘ #κΉ€μ²λ§›μ§‘ #κΉ€μ²λ§›μ§‘ν¬μ–΄ #κΉ€μ²λ§›μ§‘κ·Όμ²μ™λ°• #νλ§λ¨ν…” #κΉ€μ²μ¶μ¥ #κΉ€μ²νλ§λ¨ν…” #κΉ€μ²λ¬΄μΈν…” #νλ§λ¬΄μΈν…” #μ„Ένƒμ„Έμ λ§›μ§‘ #μ¤λ³΄μ—μ„Ένƒμ„Έμ  #λ€μ©λ‰ #ν”„λ¦¬λ―Έμ—„μ„Ένƒμ„Έμ  #μ¤λ³΄μ—μ¤νƒ€κ·Έλ¨ 101μ£Ό,"['κΉ€μ²ν•«ν”λ μ΄μ¤', 'λ‹¨μ²΄μ†λ‹', 'λ‹¨μ²΄μ†λ‹ν™μ', 'μ„ μλ‹¨ν™μ', 'μ„ μλ‹¨μ™μ†μ¶”μ²', 'μ„ μλ‹¨μ™μ†', 'κΉ€μ²ν•«ν”', 'κΉ€μ²μ—¬ν–‰', 'κΉ€μ²μ§μ§€μ‚¬', 'κΉ€μ²μ™λ°•', 'κΉ€μ²', 'κΉ€μ²λ¨ν…”', 'κΉ€μ²μ™λ°•', 'κΉ€μ²λ¨ν…”μ¶”μ²', 'κΉ€μ²λ¨ν…”λ§›μ§‘', 'κΉ€μ²λ§›μ§‘', 'κΉ€μ²λ§›μ§‘ν¬μ–΄', 'κΉ€μ²λ§›μ§‘κ·Όμ²μ™λ°•', 'νλ§λ¨ν…”', 'κΉ€μ²μ¶μ¥', 'κΉ€μ²νλ§λ¨ν…”', 'κΉ€μ²λ¬΄μΈν…”', 'νλ§λ¬΄μΈν…”', 'μ„Ένƒμ„Έμ λ§›μ§‘', 'μ¤λ³΄μ—μ„Ένƒμ„Έμ ', 'λ€μ©λ‰', 'ν”„λ¦¬λ―Έμ—„μ„Ένƒμ„Έμ ', 'μ¤λ³΄μ—μ¤νƒ€κ·Έλ¨']",32,2019λ…„ 12μ›” 4μΌ,,,,
logenir_official,λ΅μ λ‹μ•„νΈν…”,https://www.instagram.com/explore/locations/1156714101155706/,logenir_official μ—¬λ¬λ¶„! λ²μ¨ μ—°λ§μ΄μ—μ” π¥³ μ €ν¬ λ΅μ λ‹μ•„μ—μ„λ” λ‹¤κ°€μ¬ ν¬λ¦¬μ¤λ§μ¤μ™€ μƒν•΄λ¥Ό κΈ°λ…ν•μ—¬ ν¨ν‚¤μ§€ μƒν’μ„ μ¤€λΉ„ν–μ–΄μ”! μ €λ ΄ν• κ°€κ²©μ— μ™€μΈκ³Ό ν”„λ μ¦κΉμ§€!π‘π»π‘π» λ§μ€ μ΄μ© λ¶€νƒλ“λ¦¬λ©° μμ•½λ¬Έμλ” 054-429-4700μΌλ΅ λ¶€νƒλ“λ¦½λ‹λ‹¤π¥° 102μ£Ό,"['λ΅μ λ‹μ•„νΈν…”', 'λ΅μ λ‹μ•„', 'κΉ€μ²νΈν…”', 'κΉ€μ²λ·”ν', 'κΉ€μ²μ™λ°•', 'νΈν…”λ΅μ λ‹μ•„', 'κΉ€μ²ν•«ν”', 'κΉ€μ²νμ‹ λ„μ‹', 'κΉ€μ²μ¨κ³΅λ™', 'κΉ€μ²λ§›μ§‘', 'λ΄‰μ λΌ', 'λ΄‰μ λΌλμƒ', 'λ΄‰μ λΌλ·”ν', 'λ΄‰μ λΌλμ”μΉ', 'λ΅μ λ‹μ•„λμƒ', 'λ΅μ λ‹μ•„λμ”μΉ', 'λ΅μ λ‹μ•„νΈν…”λμ”μΉ', 'λ΅μ λ‹μ•„λ·”ν', 'κΉ€μ²μΉ΄ν', 'ν¬λ¦¬μ¤λ§μ¤', 'ν¬λ¦¬μ¤λ§μ¤νΈλ¦¬', 'ν¬λ¦¬μ¤λ§μ¤νν‹°', 'ν¬λ¦¬μ¤λ§μ¤μ΄λΈ', 'ν¬λ¦¬μ¤λ§μ¤ν¨ν‚¤μ§€', 'νΈν…”ν¨ν‚¤μ§€', 'νΈν…”ν¨ν‚¤μ§€μ¶”μ²']",137,2019λ…„ 11μ›” 24μΌ,logenir_official,21.0,1003.0,λ΅μ λ‹μ•„ νΈν…” νΈν…”/μ™λ°• LOGENIR HOTELγ…£λ΅μ λ‹μ•„νΈν…” κ²½λ¶ κΉ€μ² νμ‹  λ„μ‹ νΈν…” β €β €β € β–  κ°μ‹¤ μμ•½λ¬Έμ 054 . 429 . 4700 β–  λ΄‰μ λΌ λ·”ν μμ•½λ¬Έμ 054 . 429 . 4750 β €β €β € #λ΅μ λ‹μ•„νΈν…” #Logenir www.logenir.com
samdamong,κΉ€μ² μ§μ§€μ‚¬,https://www.instagram.com/explore/locations/246949217/,samdamong #κΉ€μ²λ¨ν…” π 24μ‹κ°„ μ¨κΈ°μκ² λ”°λ»ν•κ²π‘‰ μ†λ‹μ΄ μκ±΄μ—†κ±΄ μ¨κΈ°μ μ§€π‘‰ λ§μκΉμ§€ λ…Ήμ—¬μ¤„ νλ§ν”λ μ΄μ¤π‘‰ γ† γ† β… μ²΄μ΅κ²½κΈ° κ΄€λ ¨ μ„ μλ‹¨ν™μ β… κ°μΆ… μ„Έλ―Έλ‚ κ΄€λ ¨ λ‹¨μ²΄μμ•½ν™μ β… κΉ€μ²μ—¬ν–‰ λ‹¨μ²΄μ†λ‹ν™μ γ† γ† #λ‹¨μ²΄μ†λ‹ #λ‹¨μ²΄μ†λ‹ν™μ #μ„ μλ‹¨ν™μ #μ„ μλ‹¨μ™μ†μ¶”μ² #μ„ μλ‹¨μ™μ† #κΉ€μ²ν•«ν” #κΉ€μ²μ—¬ν–‰ #κΉ€μ²μ§μ§€μ‚¬ #κΉ€μ²μ™λ°• #κΉ€μ² #κΉ€μ²νΈν…” #κΉ€μ²μ™λ°• #κΉ€μ²μ¤νƒ€κ·Έλ¨ #κΉ€μ²λ¨ν…”λ§›μ§‘ #κΉ€μ²λ§›μ§‘ #κΉ€μ²λ§›μ§‘ν¬μ–΄ #κΉ€μ²λ§›μ§‘κ·Όμ²μ™λ°• #νλ§λ¨ν…” #κΉ€μ²μ¶μ¥ #κΉ€μ²νλ§λ¨ν…” #κΉ€μ²λ¬΄μΈν…” #νλ§λ¬΄μΈν…” #μ„Ένƒμ„Έμ λ§›μ§‘ #μ¤λ³΄μ—μ„Ένƒμ„Έμ  #λ€μ©λ‰ #ν”„λ¦¬λ―Έμ—„μ„Ένƒμ„Έμ  #μ¤λ³΄μ—μ¤νƒ€κ·Έλ¨ 102μ£Ό,"['κΉ€μ²λ¨ν…”', 'λ‹¨μ²΄μ†λ‹', 'λ‹¨μ²΄μ†λ‹ν™μ', 'μ„ μλ‹¨ν™μ', 'μ„ μλ‹¨μ™μ†μ¶”μ²', 'μ„ μλ‹¨μ™μ†', 'κΉ€μ²ν•«ν”', 'κΉ€μ²μ—¬ν–‰', 'κΉ€μ²μ§μ§€μ‚¬', 'κΉ€μ²μ™λ°•', 'κΉ€μ²', 'κΉ€μ²νΈν…”', 'κΉ€μ²μ™λ°•', 'κΉ€μ²μ¤νƒ€κ·Έλ¨', 'κΉ€μ²λ¨ν…”λ§›μ§‘', 'κΉ€μ²λ§›μ§‘', 'κΉ€μ²λ§›μ§‘ν¬μ–΄', 'κΉ€μ²λ§›μ§‘κ·Όμ²μ™λ°•', 'νλ§λ¨ν…”', 'κΉ€μ²μ¶μ¥', 'κΉ€μ²νλ§λ¨ν…”', 'κΉ€μ²λ¬΄μΈν…”', 'νλ§λ¬΄μΈν…”', 'μ„Ένƒμ„Έμ λ§›μ§‘', 'μ¤λ³΄μ—μ„Ένƒμ„Έμ ', 'λ€μ©λ‰', 'ν”„λ¦¬λ―Έμ—„μ„Ένƒμ„Έμ ', 'μ¤λ³΄μ—μ¤νƒ€κ·Έλ¨']",33,2019λ…„ 11μ›” 23μΌ,,,,
samdamong,κΉ€μ² μ§μ§€μ‚¬,https://www.instagram.com/explore/locations/246949217/,samdamong #λ‹¨μ²΄μμ•½ν™μ κΉ€μ² μµκ³ μ μ‹μ„¤ μµμ„ μ μ„λΉ„μ¤π‘ γ† β­ μ²΄μ΅κ²½κΈ° κ΄€λ ¨ μ„ μλ‹¨ν™μπ‘ β­ κ°μΆ… μ„Έλ―Έλ‚ κ΄€λ ¨ λ‹¨μ²΄μμ•½ν™μπ‘ β­ κΉ€μ²μ—¬ν–‰ λ‹¨μ²΄μ†λ‹ν™μπ‘ γ† μ…κµ¬μ—μ„ [μ¤λ³΄μ—] μ†κ°λ΅ μ™”λ‹¤κ³  ν•λ©΄ λ”!λ”!!λ”!!! ν™μβ γ† γ† #λ‹¨μ²΄μ†λ‹ #λ‹¨μ²΄μ†λ‹ν™μ #μ„ μλ‹¨ν™μ #μ„ μλ‹¨μ™μ†μ¶”μ² #μ„ μλ‹¨μ™μ† #κΉ€μ²ν•«ν” #κΉ€μ²μ—¬ν–‰ #κΉ€μ²μ§μ§€μ‚¬ #κΉ€μ²μ™λ°• #κΉ€μ² #κΉ€μ²λ¨ν…” #κΉ€μ²μ™λ°• #κΉ€μ²λ¨ν…”μ¶”μ² #κΉ€μ²λ¨ν…”λ§›μ§‘ #κΉ€μ²λ§›μ§‘ #κΉ€μ²λ§›μ§‘ν¬μ–΄ #κΉ€μ²λ§›μ§‘κ·Όμ²μ™λ°• #νλ§λ¨ν…” #κΉ€μ²μ¶μ¥ #κΉ€μ²νλ§λ¨ν…” #κΉ€μ²λ¬΄μΈν…” #νλ§λ¬΄μΈν…” #μ„Ένƒμ„Έμ λ§›μ§‘ #μ¤λ³΄μ—μ„Ένƒμ„Έμ  #λ€μ©λ‰ #ν”„λ¦¬λ―Έμ—„μ„Ένƒμ„Έμ  #μ¤λ³΄μ—μ¤νƒ€κ·Έλ¨ 104μ£Ό,"['λ‹¨μ²΄μμ•½ν™μ', 'λ‹¨μ²΄μ†λ‹', 'λ‹¨μ²΄μ†λ‹ν™μ', 'μ„ μλ‹¨ν™μ', 'μ„ μλ‹¨μ™μ†μ¶”μ²', 'μ„ μλ‹¨μ™μ†', 'κΉ€μ²ν•«ν”', 'κΉ€μ²μ—¬ν–‰', 'κΉ€μ²μ§μ§€μ‚¬', 'κΉ€μ²μ™λ°•', 'κΉ€μ²', 'κΉ€μ²λ¨ν…”', 'κΉ€μ²μ™λ°•', 'κΉ€μ²λ¨ν…”μ¶”μ²', 'κΉ€μ²λ¨ν…”λ§›μ§‘', 'κΉ€μ²λ§›μ§‘', 'κΉ€μ²λ§›μ§‘ν¬μ–΄', 'κΉ€μ²λ§›μ§‘κ·Όμ²μ™λ°•', 'νλ§λ¨ν…”', 'κΉ€μ²μ¶μ¥', 'κΉ€μ²νλ§λ¨ν…”', 'κΉ€μ²λ¬΄μΈν…”', 'νλ§λ¬΄μΈν…”', 'μ„Ένƒμ„Έμ λ§›μ§‘', 'μ¤λ³΄μ—μ„Ένƒμ„Έμ ', 'λ€μ©λ‰', 'ν”„λ¦¬λ―Έμ—„μ„Ένƒμ„Έμ ', 'μ¤λ³΄μ—μ¤νƒ€κ·Έλ¨']",30,2019λ…„ 11μ›” 13μΌ,,,,
samdamong,NULL,NULL,samdamong #Repost @healing.mt (@get_repost) γƒ»γƒ»γƒ» νλ§λ¨ν…”μ€ μ„Ένƒλ„ μ§μ ‘ν•΄μ”~ . μκ±΄μΌλ΅ μ²­μ†ν•λ” νƒ€μ—…μ†μ™€λ” λΉ„κµλ¶κ°€! μκ±΄κ³Ό κ±Έλ λ¥Ό μ² μ €ν λ¶„λ¦¬ν•΄μ„ μ²­μ†μ™€ μ„ΈνƒκΉμ§€!π‘ . λ³΄μ΄μ‹λ‚μ”? μκ±΄μ© μ„ΈνƒκΈ°μ™€ κ±Έλ μ© μ„ΈνƒκΈ°κ°€ λ”°λ΅λ”°λ΅! π‘ . κ³ κΈ‰μ§„ μ¤λ³΄μ— μ„Ένƒ μ„Έμ λ΅ κΉ¨λ—ν•κ²π . λ€μ©λ‰ κ±΄μ΅°κΈ°λ΅ κ³ μ¨ μ‚΄κ· ! π‰ . π¥°μ„ μμμ•½ν€μ€ μ„Ένƒ μ„λΉ„μ¤κΉμ§€~!μ ν›„~^^* βοΈ μμ•½λ¬Έμ 054-434-8007  #λ¨ν…” #μ²­κ²° #μ£ΌμΈμ΄ #μ„ΈνƒκΉμ§€ #μ¤λ³΄μ—μ„Ένƒμ„Έμ  #κΉ¨λ—ν• μ„Ένƒ #νλ§λ¨ν…” #νλ§λ¬΄μΈν…” #κΉ€μ²λ¨ν…”μ¶”μ² #κΉ€μ²μ™λ°• #μ§μ§€μ‚¬μ™λ°• #μ§μ§€μ‚¬λ¨ν…” #κΉ€μ²λ¬΄μΈν…” #λ°©μμ™„λ²½ #μ„Ένƒμ„Έμ μ¶”μ² #μ„Ένƒμ„Έμ λ§›μ§‘ #λ€μ©λ‰μ„Ένƒμ„Έμ  #λ€μ©λ‰μ„Ένƒμ„Έμ μ¶”μ² #μ¤λ³΄μ—μ¤νƒ€κ·Έλ¨ 105μ£Ό,"['Repost', 'λ¨ν…”', 'μ²­κ²°', 'μ£ΌμΈμ΄', 'μ„ΈνƒκΉμ§€', 'μ¤λ³΄μ—μ„Ένƒμ„Έμ ', 'κΉ¨λ—ν•', 'νλ§λ¨ν…”', 'νλ§λ¬΄μΈν…”', 'κΉ€μ²λ¨ν…”μ¶”μ²', 'κΉ€μ²μ™λ°•', 'μ§μ§€μ‚¬μ™λ°•', 'μ§μ§€μ‚¬λ¨ν…”', 'κΉ€μ²λ¬΄μΈν…”', 'λ°©μμ™„λ²½', 'μ„Ένƒμ„Έμ μ¶”μ²', 'μ„Ένƒμ„Έμ λ§›μ§‘', 'λ€μ©λ‰μ„Ένƒμ„Έμ ', 'λ€μ©λ‰μ„Ένƒμ„Έμ μ¶”μ²', 'μ¤λ³΄μ—μ¤νƒ€κ·Έλ¨']",31,2019λ…„ 11μ›” 4μΌ,,,,
healing.mt,κΉ€μ² μ§μ§€μ‚¬,https://www.instagram.com/explore/locations/246949217/,healing.mt νλ§λ¨ν…”μ€ μ„Ένƒλ„ μ§μ ‘ν•΄μ”~ . μκ±΄μΌλ΅ μ²­μ†ν•λ” νƒ€μ—…μ†μ™€λ” λΉ„κµλ¶κ°€! μκ±΄κ³Ό κ±Έλ λ¥Ό μ² μ €ν λ¶„λ¦¬ν•΄μ„ μ²­μ†μ™€ μ„ΈνƒκΉμ§€!π‘ . λ³΄μ΄μ‹λ‚μ”? μκ±΄μ© μ„ΈνƒκΈ°μ™€ κ±Έλ μ© μ„ΈνƒκΈ°κ°€ λ”°λ΅λ”°λ΅! π‘ . κ³ κΈ‰μ§„ μ¤λ³΄μ— μ„Ένƒ μ„Έμ λ΅ κΉ¨λ—ν•κ²π . λ€μ©λ‰ κ±΄μ΅°κΈ°λ΅ κ³ μ¨ μ‚΄κ· ! π‰ . π¥°μ„ μμμ•½ν€μ€ μ„Ένƒ μ„λΉ„μ¤κΉμ§€~!μ ν›„~^^* βοΈ μμ•½λ¬Έμ 054-434-8007  #λ¨ν…” #μ²­κ²° #μ£ΌμΈμ΄ #μ„ΈνƒκΉμ§€ #μ¤λ³΄μ—μ„Έμ  #κΉ¨λ—ν• μ„Ένƒ #νλ§λ¨ν…” #νλ§λ¬΄μΈν…” #κΉ€μ²λ¨ν…”μ¶”μ² #κΉ€μ²μ™λ°• #μ§μ§€μ‚¬μ™λ°• #μ§μ§€μ‚¬λ¨ν…” #κΉ€μ²λ¬΄μΈν…” #λ°©μμ™„λ²½ 105μ£Ό,"['λ¨ν…”', 'μ²­κ²°', 'μ£ΌμΈμ΄', 'μ„ΈνƒκΉμ§€', 'μ¤λ³΄μ—μ„Έμ ', 'κΉ¨λ—ν•', 'νλ§λ¨ν…”', 'νλ§λ¬΄μΈν…”', 'κΉ€μ²λ¨ν…”μ¶”μ²', 'κΉ€μ²μ™λ°•', 'μ§μ§€μ‚¬μ™λ°•', 'μ§μ§€μ‚¬λ¨ν…”', 'κΉ€μ²λ¬΄μΈν…”', 'λ°©μμ™„λ²½']",8,2019λ…„ 11μ›” 3μΌ,healing.mt,4.0,16.0,healing.mt μ ν’/μ„λΉ„μ¤ κΉ€μ² μ™λ°• λ¬΄μΈν…” νλ§λ¨ν…” κΉ€μ²μ‹ λ€ν•­λ©΄ λ•μ „κΈΈ 160 . μμ•½λ¬Έμ ν™μ (μ„ μμμ•½ ν™μ) βοΈ 054-434-8007 . κΉ¨λ—ν•κ³  λ°©μ μ™„λ²½ν• λ¬΄μΈν…”π¥° μ™λ°• μ†λ‹ μ»µλΌλ©΄ μ„λΉ„μ¤~π ν•­μƒ μΉμ ν•κ² λ¨μ‹κ² μµλ‹λ‹¤β™¥οΈ
chi_reng,κΉ€μ²νμ‹ λ„μ‹,https://www.instagram.com/explore/locations/612341252290461/,"chi_reng - β €β €β €β €β €β €β € κΉ€μ²κµ¬λ―Έμ—­μ—μ„ κ°€κΉμ›μ„ μ—¬ν–‰, μ¶μ¥ μ™μ†λ΅ μΆ‹μ€ κΉ€μ²νΈν…”μ΄μƒ β €β €β €β €β €β €β € κΉ€μ² μ‹ μ¶•λ¨ν…”λ‹µκ² κΉ”λ”ν•κ³  μ„Έλ ¨λ μΈν…λ¦¬μ–΄λ” λ¬Όλ΅  μ²­κ²°μƒνƒ μ„μƒμƒνƒκ°€ μ•„μ£Ό μΆ‹μ•„μ„ νΈμΊ‰μ¤ν•κΈ° λ„λ¨ μΆ‹μ•„λ”° (β€Άΰ«Άκ†¤ Λ™Μ«Μ® κ†¤β€Άΰ«Ά) β €β €β €β €β €β €β € π· μ£Όμ†ο½ κ²½λ¶ κΉ€μ²μ‹ νμ‹ 2λ΅ 10 π· μ „ν™”λ²νΈο½ 054-435-7240  μ—¬κΈ°μ–΄λ• μμ•½κ°€λ¥ μ „κ°μ‹¤ μ—μ΄μ¤μΉ¨λ€, μµκ³ κΈ‰ μ—°μκΈ° μ•μ΅°μ„¤μΉ μ§ λ³΄κ΄€ μ„λΉ„μ¤, 1κ°μ‹¤ 1μ£Όμ°¨, 65μΈμΉ λ€ν•TV β €β €β €β €β €β €β €β € β €β €β €β €β €β €β €β € #κΉ€μ²νΈν…”μ΄μƒ #κΉ€μ²νΈν…” #κΉ€μ²λ¨ν…” #κΉ€μ²μ™μ† #μ΄λ†€μλ°λ·°#κΉ€μ²νμ‹ λ„μ‹μ™μ† #κΉ€μ²νμ‹ λ„μ‹νΈν…” #κΉ€μ²νμ‹ λ„μ‹λ¨ν…”#κΉ€μ²κµ¬λ―Έμ—­νΈνƒ¤ #κΉ€μ²κµ¬λ―Έμ—­λ¨ν…” #κΉ€μ²μ‹ μ¶•νΈν…”#κΉ€μ²μ¨κ³΅λ™νΈν…” #κΉ€μ²μ™λ°• #κΉ€μ²μ¨κ³΅λ™λ¨ν…” #λΉ„μ§€λ‹μ¤νΈν…”#λ§ν”#μ„ ν”#μΆ‹μ•„μ”#λ°μΌλ¦¬#μΌμƒ#λ¨Ήλ°©#μ—¬ν–‰#μ—¬ν–‰μ¤νƒ€κ·Έλ¨ 105μ£Ό","['κΉ€μ²νΈν…”μ΄μƒ', 'κΉ€μ²νΈν…”', 'κΉ€μ²λ¨ν…”', 'κΉ€μ²μ™μ†', 'μ΄λ†€μλ°λ·°', 'κΉ€μ²νμ‹ λ„μ‹μ™μ†', 'κΉ€μ²νμ‹ λ„μ‹νΈν…”', 'κΉ€μ²νμ‹ λ„μ‹λ¨ν…”', 'κΉ€μ²κµ¬λ―Έμ—­νΈνƒ¤', 'κΉ€μ²κµ¬λ―Έμ—­λ¨ν…”', 'κΉ€μ²μ‹ μ¶•νΈν…”', 'κΉ€μ²μ¨κ³΅λ™νΈν…”', 'κΉ€μ²μ™λ°•', 'κΉ€μ²μ¨κ³΅λ™λ¨ν…”', 'λΉ„μ§€λ‹μ¤νΈν…”', 'λ§ν”', 'μ„ ν”', 'μΆ‹μ•„μ”', 'λ°μΌλ¦¬', 'μΌμƒ', 'λ¨Ήλ°©', 'μ—¬ν–‰', 'μ—¬ν–‰μ¤νƒ€κ·Έλ¨']",13,2019λ…„ 10μ›” 31μΌ,chi_reng,281.0,464.0,α„ƒα…Άα„€α…®α„€α…§α†Όα„‡α…®α†¨ α„†α…¥α†¨α„‰α…³α„α…΅α„€α…³α„…α…Άα†·π· κ°μΈ λΈ”λ΅κ·Έ λ¦μ–΄λ„ λ‹µλ°© κΌ­ κ°ν…λ‹ κΈ°λ‹¤λ ¤μ£Όμ„Έμ” β‚oΜ΄Μ¶Μ·α·„οΉoΜ΄Μ¶Μ·Μ¥α·…β‚ μ„ ν” μΆ‹μ•„μ”(ββΜ΄Μ†ΖβΜ΄Μ†β) μ–Έν” μ‹«μ–΄μ” ΰ² _ΰ²  β €β €β €β €β €β €β €β € ν‘μ°¬ λ¬Έμλ” DM / λΈ”λ΅κ·Έ μ΄μ›ƒν•΄μ” ΰ·† blog.naver.com/genie_zzang
healing.mt,κΉ€μ² μ§μ§€μ‚¬,https://www.instagram.com/explore/locations/246949217/,"healing.mt μ²­κ²°μ„ μµκ³ λ΅ μƒκ°ν•λ” μ£ΌμΈμ΄ μ§μ ‘ μ΄μν•λ” νλ§ λ¬΄μΈν…” μ…λ‹λ‹¤. μ€μ”°ν•΄μ§„ λ‚ μ”¨ , μ „μν κ±±μ •μ—†λ” μ¨μ λ‚λ°© λ³΄μΌλ¬λ΅ ν›ν›ν• κ°μ‹¤.  #νλ§λ¨ν…” #νλ§λ¬΄μΈν…” #κΉ€μ² #λ¨ν…” #κΉ€μ²λ¨ν…” #κΉ€μ²λ¬΄μΈν…” #κΉ€μ²μ™λ°• #κΉ€μ²λ¨ν…”μ¶”μ² #μ§μ§€μ‚¬λ¨ν…” #μ—°ν™”μ§€λ¨ν…” #ν†µλΌν…μ¤ #λΌν…μ¤μΉ¨λ€ #λ°”λ””ν”„λλ“ #μ•λ§μμ #μ›”ν’€μ•μ΅° #νΈλ°±λ‚λ¬΄ #κ±΄μ‹ #μ‚¬μ°λ‚ #λ°©μ #μ™„λ²½  μ²­κ²°κ³Ό μΉμ μ„ μµκ³ λ΅ μƒκ°ν•λ” λ¨ν…”β™¥οΈ πƒμμ•½λ¬Έμ ν™μ (μ΄λ™μ„ μ μμ•½λ¬Έμ ν™μ)πƒ βοΈ054-434-8007 106μ£Ό","['νλ§λ¨ν…”', 'νλ§λ¬΄μΈν…”', 'κΉ€μ²', 'λ¨ν…”', 'κΉ€μ²λ¨ν…”', 'κΉ€μ²λ¬΄μΈν…”', 'κΉ€μ²μ™λ°•', 'κΉ€μ²λ¨ν…”μ¶”μ²', 'μ§μ§€μ‚¬λ¨ν…”', 'μ—°ν™”μ§€λ¨ν…”', 'ν†µλΌν…μ¤', 'λΌν…μ¤μΉ¨λ€', 'λ°”λ””ν”„λλ“', 'μ•λ§μμ', 'μ›”ν’€μ•μ΅°', 'νΈλ°±λ‚λ¬΄', 'κ±΄μ‹', 'μ‚¬μ°λ‚', 'λ°©μ', 'μ™„λ²½']",10,2019λ…„ 10μ›” 30μΌ,,,,
samdamong,μ§μ§€μ‚¬ (η›΄ζ‡ε―Ί),https://www.instagram.com/explore/locations/297918710811268/,samdamong #κΉ€μ²νλ§λ¨ν…” κ³ κ°λ‹λ“¤ κ°€μΉλ¥Ό κ°™μ΄ν•λ” #κΉ€μ²ν•«ν”λ μ΄μ¤  ν°μƒ‰μ „μ©μ„Ένƒμ„Έμ  #500ν”λ¬μ¤ μ»¬λ¬μ „μ©μ„Ένƒμ„Έμ  #300ν”λ¬μ¤ κ·Έλ¦¬κ³ .. μ¤λμ€.. λ‹¤μ©λ„μ„Ένƒμ„Έμ  #100ν”λ¬μ¤ μ„Ένƒλ¬Όλ„ ν’λ©λ³„ μΆ…λ¥λ³„ λ¶„λ¥ν•κ³ .. μ„Ένƒμ„Έμ λ„ μ „μ©μ„Έμ λ΅ λ¶„λ¥ν•΄μ„.. λ¶€μ§€λ°ν• λ°°λ ¤ π‘ μ„Έμ‹¬ν• λ°°λ ¤ π‘ μ¤λλ„ λ°°μ°κ³  κ°‘λ‹λ‹¤ π™π™π™ γ† γ† #κΉ€μ²λ¨ν…” #κΉ€μ²λ¨ν…”λ§›μ§‘ #μ§μ§€μ‚¬λ¨ν…” #κΉ€μ²μ™λ°• #κΉ€μ²λ¬΄μΈν…” #κΉ€μ²νλ§λ¬΄μΈν…” #κΉ€μ²μ„ μλ‹¨μ™μ† #κΉ€μ²μ„λΉ„μ¤λ§›μ§‘ #κΉ€μ²μ—¬ν–‰ #κΉ€μ²νΈν…” #κΉ€μ²λ§›μ§‘ #μ„ μλ‹¨μ™μ†μ¶”μ² #μ„ μλ‹¨μ™μ† #μ„ μλ‹¨μ„Ένƒμ„λΉ„μ¤ #κΉ€μ²λ§›μ§‘ν¬μ–΄ #μ§μ§€μ‚¬κ·Όμ² #μ‚°μ±„ν•μ •μ‹ #κΉ€μ²ν•«ν” #ν”„λ¦¬λ―Έμ—„μ„λΉ„μ¤ #μ¤λ³΄μ—μ„Ένƒμ„Έμ  #μ¤λ³΄μ—μ¤νƒ€κ·Έλ¨ 107μ£Ό,"['κΉ€μ²νλ§λ¨ν…”', 'κΉ€μ²ν•«ν”λ μ΄μ¤', '500ν”λ¬μ¤', '300ν”λ¬μ¤', '100ν”λ¬μ¤', 'κΉ€μ²λ¨ν…”', 'κΉ€μ²λ¨ν…”λ§›μ§‘', 'μ§μ§€μ‚¬λ¨ν…”', 'κΉ€μ²μ™λ°•', 'κΉ€μ²λ¬΄μΈν…”', 'κΉ€μ²νλ§λ¬΄μΈν…”', 'κΉ€μ²μ„ μλ‹¨μ™μ†', 'κΉ€μ²μ„λΉ„μ¤λ§›μ§‘', 'κΉ€μ²μ—¬ν–‰', 'κΉ€μ²νΈν…”', 'κΉ€μ²λ§›μ§‘', 'μ„ μλ‹¨μ™μ†μ¶”μ²', 'μ„ μλ‹¨μ™μ†', 'μ„ μλ‹¨μ„Ένƒμ„λΉ„μ¤', 'κΉ€μ²λ§›μ§‘ν¬μ–΄', 'μ§μ§€μ‚¬κ·Όμ²', 'μ‚°μ±„ν•μ •μ‹', 'κΉ€μ²ν•«ν”', 'ν”„λ¦¬λ―Έμ—„μ„λΉ„μ¤', 'μ¤λ³΄μ—μ„Ένƒμ„Έμ ', 'μ¤λ³΄μ—μ¤νƒ€κ·Έλ¨']",42,2019λ…„ 10μ›” 21μΌ,,,,
samdamong,Gimcheon,https://www.instagram.com/explore/locations/264862653/gimcheon/,samdamong π­ κ²½κΈ°κ°€ κ³„μ† μ–΄λ ¤μ›μ§€μ§€λ§.. π¤” λ¨λ¥Έλ‹¤κ³  μ €λ ΄ν• μ ν’μ„ μ‚¬μ©ν•λ©΄.. π¤— μ„Έμ‹¬ν• λ°°λ ¤μ— κ°λ™ν•λ” κ³ κ°λ‹λ“¤κ».. π¥° μ£„μ†΅ν•λ‹¤λ©° μµμƒμ μ ν’μ„ κ³ μ§‘xκ³ μ§‘!! π‘‰ μ²΄μ΅κ²½κΈ°λ΅ μ™λ°•ν•λ” μ„ μλ“¤μ„ μ„ν•.. [μ„Ένƒμ„λΉ„μ¤]κ°€ μλ‹¤λ” λ†€λΌμ΄ μ‚¬μ‹¤ π‘ γ† γ† #κΉ€μ²νλ§λ¨ν…” #κΉ€μ²λ¨ν…” #κΉ€μ²λ¬΄μΈν…” #κΉ€μ²μ™λ°• #κΉ€μ²νΈν…” #κΉ€μ²λ¨ν…”λ§›μ§‘ #ν”„λ¦¬λ―Έμ—„μ„λΉ„μ¤ #μ„ μλ‹¨ #μ„Ένƒμ„λΉ„μ¤ #μ„ μμ™μ† #μ„ μλ‹¨ν™μ #μ„ μλ‹¨μ™μ†μ¶”μ² #ν”„λ¦¬λ―Έμ—„μ„Ένƒμ„Έμ  #λ€μ©λ‰μ„Ένƒμ„Έμ μ¶”μ² #μ„Ένƒμ„Έμ μ¶”μ² #500ν”λ¬μ¤ #300ν”λ¬μ¤ #100ν”λ¬μ¤ #μ¤λ³΄μ—μ„Ένƒμ„Έμ  #μ„Ένƒμ„Έμ  #μ„Ένƒμ„Έμ λ§›μ§‘ #μ¤λ³΄μ—μ¤νƒ€κ·Έλ¨ 108μ£Ό,"['κΉ€μ²νλ§λ¨ν…”', 'κΉ€μ²λ¨ν…”', 'κΉ€μ²λ¬΄μΈν…”', 'κΉ€μ²μ™λ°•', 'κΉ€μ²νΈν…”', 'κΉ€μ²λ¨ν…”λ§›μ§‘', 'ν”„λ¦¬λ―Έμ—„μ„λΉ„μ¤', 'μ„ μλ‹¨', 'μ„Ένƒμ„λΉ„μ¤', 'μ„ μμ™μ†', 'μ„ μλ‹¨ν™μ', 'μ„ μλ‹¨μ™μ†μ¶”μ²', 'ν”„λ¦¬λ―Έμ—„μ„Ένƒμ„Έμ ', 'λ€μ©λ‰μ„Ένƒμ„Έμ μ¶”μ²', 'μ„Ένƒμ„Έμ μ¶”μ²', '500ν”λ¬μ¤', '300ν”λ¬μ¤', '100ν”λ¬μ¤', 'μ¤λ³΄μ—μ„Ένƒμ„Έμ ', 'μ„Ένƒμ„Έμ ', 'μ„Ένƒμ„Έμ λ§›μ§‘', 'μ¤λ³΄μ—μ¤νƒ€κ·Έλ¨']",33,2019λ…„ 10μ›” 15μΌ,,,,
samdamong,Gimcheon,https://www.instagram.com/explore/locations/264862653/gimcheon/,samdamong λ“£κ³ π‘‚λ³΄κ³  π‘€ ν™•μΈν• #κΉ€μ²νλ§λ¨ν…” π‘ κΉ€μ²μ— κ°€λ©΄ μ™μ‹μ€ κ³ λ―Ό β κ±±μ • β γ† γ† β… μ§€ν•μ μμ²΄κ°€ μ—†λ” 100% μλ—λ¬Ό μ‚¬μ©!! μ§€ν•μμ μ†λ…μ•½ν’λƒ„μƒ β λ―Έλκ±°λ¦Ό β γ† γ† β… μ¨μλ‚λ°©λ³΄μΌλ¬ + 20ν†¤ λ€ν•λ¬Όνƒ±ν¬!! μ „κΈ°νλ„¬λ΅ λ‚λ°©μ„ν•λ” νƒ€ μ—…μ†μ™€ λ‹¬λ¦¬ μ¶”μ΄ κ²¨μΈμ²  κ°μ‹¤μ€ 24μ‹κ°„ ν›ν›ν• μ¨κΈ°μ™€ 24μ‹κ°„ λ°μ›μ§€λ” λ„‰λ„‰ν• μ¨μ μ™„λΉ„! γ† γ† β… wifiλ„ μ°¨λ‹¨ λ  μ •λ„μ μ™„λ²½ν• λ°©μ!! μ»¤ν”κ³ κ°λ„ κ±±μ • β ν¨λ°€λ¦¬κ³ κ°λ„ κ±±μ • β γ† γ† β… ν•­μƒ λ…Έλ ¥ν•λ” ν”„λ¦¬λ―Έμ—„ κ°μ‹¤μ„λΉ„μ¤!! μ¤ν..κ³ κΈ‰μ•λ§μμ..κ°„μ΄μ°μ§λ°©..κ³ κΈ‰μΉ¨κµ¬ ..κ°„λ‹¨ν• μλ£μ™€ μ†μ„ λ‹¬λμ¤„ μ»µλΌλ©΄κΉμ§€! γ† γ† β… μ£Όλ³€ λ³Όκ±°λ¦¬!! λ§›κ±°λ¦¬!! 10λ¶„λ‚΄ μ„μΉ!! λ€ν•λ―Όκµ­ μ†κΌ½νλ” μ λ…μ‚¬μ°°μΈ μ§μ§€μ‚¬.. κ·Έλ¦¬κ³  κ·Όμ² μ¦λΉ„ν• μ‚°μ±„ν•μ •μ‹ μ‹λ‹Ήλ“¤! γ† γ† β… μ² μ €ν• μ„μƒκ΄€λ¦¬μ™€ μ„Έμ‹¬ν• λ°°λ ¤!! μ •κΈ°μ  λƒ‰λ‚λ°©κΈ° μ„Έμ²™..ν•„ν„°λ§..ν•­κ· μ†λ…! μΉ¨κµ¬λ¥..μ†ν..μ»¤νΌ..κ°μ‹¤ κµ¬μ„κµ¬μ„ λ°©μ—­! μ£ΌμΈμ§μ ‘ μ΄μ λ° κ΄€λ¦¬λ΅ μ² μ €ν• κ΄€λ¦¬! μ„Ένƒλ¬Όμ€ 100% μμ²΄μ μΌλ΅ μ„Ένƒν•λ©° μ €μκ·Ή ν”„λ¦¬λ―Έμ—„ κ³ κΈ‰μ „λ¬Έμ„Έμ  μ‚¬μ©! γ† γ† β… μ²΄μ΅κ²½κΈ° μ„ μλ‹¨ ν™μ λ° μ„Ένƒμ„λΉ„μ¤!! κ²½κΈ°λ΅ μ§€μΉ λΈμ„ νΈν μ‰΄ μ μλ” μ‹μ„¤κ³Ό λ‹¤μ–‘ν• νΈμ μ„λΉ„μ¤λ΅ 100% λ§μ΅± κΈ°λ€! λ¬Έμν™μ βοΈ 054) 434 - 8007 γ† γ† #κΉ€μ²λ¨ν…” #κΉ€μ²μ™λ°• #κΉ€μ²νΈν…” #κΉ€μ² #μ§μ§€μ‚¬ #μ§μ§€μ‚¬κ·Όμ² #νλ§λ¨ν…” #λ¬΄μΈν…” #κΉ€μ²λ¨ν…”λ§›μ§‘ #κΉ€μ²μ„λΉ„μ¤λ§›μ§‘ #κ°“μ„±λΉ„ #μ„ μλ‹¨ν™μ #μ„ μλ‹¨μ™μ†μ¶”μ² #μ„ μμ™μ† #κΉ€μ²μ—¬ν–‰ #κΉ€μ²λ§›μ§‘ν¬μ–΄ #κΉ€μ²μ¤νƒ€κ·Έλ¨ #λ¨ν…”μ¤νƒ€κ·Έλ¨ #μ™μ†μ¤νƒ€κ·Έλ¨ #μ™λ°•λ§›μ§‘ #μ™λ°•μ¤νƒ€κ·Έλ¨ #λ‹¨μ²΄ν™μ #λ‹¨μ²΄μμ•½ν™μ #κΉ€μ²λ¬΄μΈν…” #κΉ€μ²νλ§λ¬΄μΈν…” #κΉ€μ²ν•«ν” #μ¤λ³΄μ—μ¶”μ² #μ¤λ³΄μ—μ¤νƒ€κ·Έλ¨ 108μ£Ό,"['κΉ€μ²νλ§λ¨ν…”', 'κΉ€μ²λ¨ν…”', 'κΉ€μ²μ™λ°•', 'κΉ€μ²νΈν…”', 'κΉ€μ²', 'μ§μ§€μ‚¬', 'μ§μ§€μ‚¬κ·Όμ²', 'νλ§λ¨ν…”', 'λ¬΄μΈν…”', 'κΉ€μ²λ¨ν…”λ§›μ§‘', 'κΉ€μ²μ„λΉ„μ¤λ§›μ§‘', 'κ°“μ„±λΉ„', 'μ„ μλ‹¨ν™μ', 'μ„ μλ‹¨μ™μ†μ¶”μ²', 'μ„ μμ™μ†', 'κΉ€μ²μ—¬ν–‰', 'κΉ€μ²λ§›μ§‘ν¬μ–΄', 'κΉ€μ²μ¤νƒ€κ·Έλ¨', 'λ¨ν…”μ¤νƒ€κ·Έλ¨', 'μ™μ†μ¤νƒ€κ·Έλ¨', 'μ™λ°•λ§›μ§‘', 'μ™λ°•μ¤νƒ€κ·Έλ¨', 'λ‹¨μ²΄ν™μ', 'λ‹¨μ²΄μμ•½ν™μ', 'κΉ€μ²λ¬΄μΈν…”', 'κΉ€μ²νλ§λ¬΄μΈν…”', 'κΉ€μ²ν•«ν”', 'μ¤λ³΄μ—μ¶”μ²', 'μ¤λ³΄μ—μ¤νƒ€κ·Έλ¨']",44,2019λ…„ 10μ›” 13μΌ,,,,
samdamong,Gimcheon,https://www.instagram.com/explore/locations/264862653/gimcheon/,samdamong π© λ°λν•λ” μ—„μ²­λ‚ ν”„λ¦¬λ―Έμ—„μ„λΉ„μ¤ π‘ κ°€λ” λ‚ μ΄ μ¥λ‚ μΈκ°€ ν–λ”λ‹..μ΄κ±°μ¨ !! μ—μ–΄μ»¨μ²­μ†λ¥Ό ν•„ν„°λ§λ„ λ¶€μ΅±ν•¨μ„ λκ»΄ μ „λ¬ΈκΈ°κ΄€μ„ ν†µν•΄ μ„Έμ²™μ— ν•­κ· μ²λ¦¬κΉμ§€ !! κ°μ‹¤μ€ λ¬Όλ΅ μ΄κ³  μ£Όμ°¨μ¥ κµ¬μ„κµ¬μ„κΉμ§€ λ°©μ—­μ‘μ—…μ„ μ •κΈ°μ μΌλ΅ ν•μ‹ λ‹¤ ν•λ„¤μ” π‘ μ£ΌμΈλ‹ μ§μ ‘ μ΄μν•μ‹κ³  μ—„μ²­ κΉ”λ”ν•μ…”μ„ λ™λ„¤λ°©λ„¤ μ†λ¬Έμ΄ μ«~~~μ•… π‘π‘π‘ κΉ€μ²μ— κ°€λ©΄ λ¬΄μ΅°κ±΄ [ νλ§λ¨ν…” ] GOGO π‘‰ βοΈ λ¬Έμμ „ν™” 054) 434 - 8007 γ† γ† #κΉ€μ²νλ§λ¨ν…” #κΉ€μ²λ¨ν…” #κΉ€μ²λ¬΄μΈν…” #νλ§λ¨ν…” #νλ§λ¬΄μΈν…” #κΉ€μ²λ¨ν…”λ§›μ§‘ #κΉ€μ²μ¤νƒ€κ·Έλ¨ #λ¨ν…”μ¤νƒ€κ·Έλ¨ #λ¨ν…”λ§›μ§‘ #μ„ μλ‹¨ν™μ #μ„ μλ‹¨μ™μ†μ¶”μ² #μ™μ†μ¶”μ² #κΉ€μ²μ™λ°• #κΉ€μ²νΈν…” #κΉ€μ²λ§›μ§‘κ·Όμ²μ™λ°• #κΉ€μ²λ§›μ§‘ν¬μ–΄ #μ™λ°•μ¤νƒ€κ·Έλ¨ #μ„ μλ‹¨ #ν”„λ¦¬λ―Έμ—„μ„λΉ„μ¤ #μ„λΉ„μ¤λ§›μ§‘ #κ°“μ„±λΉ„ #μ¤λ³΄μ—μ¶”μ² #μ¤λ³΄μ—μ¤νƒ€κ·Έλ¨ 108μ£Ό,"['κΉ€μ²νλ§λ¨ν…”', 'κΉ€μ²λ¨ν…”', 'κΉ€μ²λ¬΄μΈν…”', 'νλ§λ¨ν…”', 'νλ§λ¬΄μΈν…”', 'κΉ€μ²λ¨ν…”λ§›μ§‘', 'κΉ€μ²μ¤νƒ€κ·Έλ¨', 'λ¨ν…”μ¤νƒ€κ·Έλ¨', 'λ¨ν…”λ§›μ§‘', 'μ„ μλ‹¨ν™μ', 'μ„ μλ‹¨μ™μ†μ¶”μ²', 'μ™μ†μ¶”μ²', 'κΉ€μ²μ™λ°•', 'κΉ€μ²νΈν…”', 'κΉ€μ²λ§›μ§‘κ·Όμ²μ™λ°•', 'κΉ€μ²λ§›μ§‘ν¬μ–΄', 'μ™λ°•μ¤νƒ€κ·Έλ¨', 'μ„ μλ‹¨', 'ν”„λ¦¬λ―Έμ—„μ„λΉ„μ¤', 'μ„λΉ„μ¤λ§›μ§‘', 'κ°“μ„±λΉ„', 'μ¤λ³΄μ—μ¶”μ²', 'μ¤λ³΄μ—μ¤νƒ€κ·Έλ¨']",38,2019λ…„ 10μ›” 12μΌ,,,,
leejihyun17,NULL,NULL,leejihyun17 #μ‹ν¬λ¦ΏλΉ„μ¦λ‹μ¤λ¨ν…”#κΉ€μ²λ¬΄μΈν…”#κΉ€μ²νΈν…”#κΉ€μ²μ™μ†#κΉ€μ²μ™λ°•#κΉ€μ²λ¨ν…”#κΉ€μ²μ•„ν¬λ¨ν…”#κΉ€μ²μ•„ν¬λ¬΄μΈν…”#μ¶”μ² 110μ£Ό,"['μ‹ν¬λ¦ΏλΉ„μ¦λ‹μ¤λ¨ν…”', 'κΉ€μ²λ¬΄μΈν…”', 'κΉ€μ²νΈν…”', 'κΉ€μ²μ™μ†', 'κΉ€μ²μ™λ°•', 'κΉ€μ²λ¨ν…”', 'κΉ€μ²μ•„ν¬λ¨ν…”', 'κΉ€μ²μ•„ν¬λ¬΄μΈν…”', 'μ¶”μ²']",,2019λ…„ 10μ›” 2μΌ,leejihyun17,261.0,2796.0,leejihyun17
kimhyeonmin12,NULL,NULL,kimhyeonmin12 #μ‹ν¬λ¦ΏλΉ„μ¦λ‹μ¤λ¨ν…”#κΉ€μ²λ¬΄μΈν…”#κΉ€μ²νΈν…”#κΉ€μ²μ™μ†#κΉ€μ²μ™λ°•#κΉ€μ²λ¨ν…”#κΉ€μ²μ•„ν¬λ¨ν…”#κΉ€μ²μ•„ν¬λ¬΄μΈν…”#λ¬΄μΈν…”#μΆ‹μ•„μ”#λ§›ν”#μ„ ν”#μ…€ν”Ό#μΈμ¤νƒ€κ·Έλ¨#μ™μ†#ν΄μ‹#μ—¬ν–‰#ν•κµ­μ—¬ν–‰#κ°€μ΅±μ—¬ν–‰#μ»¤ν”μ—¬ν–‰#λ¨ν…”#νΈν…” 116μ£Ό,"['μ‹ν¬λ¦ΏλΉ„μ¦λ‹μ¤λ¨ν…”', 'κΉ€μ²λ¬΄μΈν…”', 'κΉ€μ²νΈν…”', 'κΉ€μ²μ™μ†', 'κΉ€μ²μ™λ°•', 'κΉ€μ²λ¨ν…”', 'κΉ€μ²μ•„ν¬λ¨ν…”', 'κΉ€μ²μ•„ν¬λ¬΄μΈν…”', 'λ¬΄μΈν…”', 'μΆ‹μ•„μ”', 'λ§›ν”', 'μ„ ν”', 'μ…€ν”Ό', 'μΈμ¤νƒ€κ·Έλ¨', 'μ™μ†', 'ν΄μ‹', 'μ—¬ν–‰', 'ν•κµ­μ—¬ν–‰', 'κ°€μ΅±μ—¬ν–‰', 'μ»¤ν”μ—¬ν–‰', 'λ¨ν…”', 'νΈν…”']",2,2019λ…„ 8μ›” 20μΌ,kimhyeonmin12,263.0,918.0,kimhyeonmin12
choesungyu12,NULL,NULL,choesungyu12 #μ‹ν¬λ¦ΏλΉ„μ¦λ‹μ¤λ¨ν…”#κΉ€μ²λ¬΄μΈν…”#κΉ€μ²νΈν…”#κΉ€μ²μ™μ†#κΉ€μ²μ™λ°•#κΉ€μ²λ¨ν…”#κΉ€μ²μ•„ν¬λ¨ν…”#κΉ€μ²μ•„ν¬λ¬΄μΈν…”#λ¨ν…”#νΈν…”#μΆ‹μ•„μ”#λ§›ν”#μ„ ν”#μ…€ν”Ό#μΈμ¤νƒ€κ·Έλ¨#μ™μ†#ν΄μ‹#μ—¬ν–‰#ν•κµ­μ—¬ν–‰#κ°€μ΅±μ—¬ν–‰#μ»¤ν”μ—¬ν–‰ 121μ£Ό,"['μ‹ν¬λ¦ΏλΉ„μ¦λ‹μ¤λ¨ν…”', 'κΉ€μ²λ¬΄μΈν…”', 'κΉ€μ²νΈν…”', 'κΉ€μ²μ™μ†', 'κΉ€μ²μ™λ°•', 'κΉ€μ²λ¨ν…”', 'κΉ€μ²μ•„ν¬λ¨ν…”', 'κΉ€μ²μ•„ν¬λ¬΄μΈν…”', 'λ¨ν…”', 'νΈν…”', 'μΆ‹μ•„μ”', 'λ§›ν”', 'μ„ ν”', 'μ…€ν”Ό', 'μΈμ¤νƒ€κ·Έλ¨', 'μ™μ†', 'ν΄μ‹', 'μ—¬ν–‰', 'ν•κµ­μ—¬ν–‰', 'κ°€μ΅±μ—¬ν–‰', 'μ»¤ν”μ—¬ν–‰']",4,2019λ…„ 7μ›” 11μΌ,choesungyu12,270.0,147.0,choesungyu12
choeinhyeong12,NULL,NULL,choeinhyeong12 #μ‹ν¬λ¦ΏλΉ„μ¦λ‹μ¤λ¨ν…”#κΉ€μ²λ¬΄μΈν…”#κΉ€μ²νΈν…”#κΉ€μ²μ™μ†#κΉ€μ²μ™λ°•#κΉ€μ²λ¨ν…”#κΉ€μ²μ•„ν¬λ¨ν…”#κΉ€μ²μ•„ν¬λ¬΄μΈν…”#μΆ‹μ•„μ”#λ§›ν”#μ„ ν”#μ…€ν”Ό#μΈμ¤νƒ€κ·Έλ¨#μ™μ†#ν΄μ‹#μ—¬ν–‰#ν•κµ­μ—¬ν–‰ 124μ£Ό,"['μ‹ν¬λ¦ΏλΉ„μ¦λ‹μ¤λ¨ν…”', 'κΉ€μ²λ¬΄μΈν…”', 'κΉ€μ²νΈν…”', 'κΉ€μ²μ™μ†', 'κΉ€μ²μ™λ°•', 'κΉ€μ²λ¨ν…”', 'κΉ€μ²μ•„ν¬λ¨ν…”', 'κΉ€μ²μ•„ν¬λ¬΄μΈν…”', 'μΆ‹μ•„μ”', 'λ§›ν”', 'μ„ ν”', 'μ…€ν”Ό', 'μΈμ¤νƒ€κ·Έλ¨', 'μ™μ†', 'ν΄μ‹', 'μ—¬ν–‰', 'ν•κµ­μ—¬ν–‰']",7,2019λ…„ 6μ›” 20μΌ,choeinhyeong12,123.0,254.0,choeinhyeong12
choeseongug11,NULL,NULL,choeseongug11 #μ‹ν¬λ¦ΏλΉ„μ¦λ‹μ¤λ¨ν…”#κΉ€μ²λ¬΄μΈν…”#κΉ€μ²νΈν…”#κΉ€μ²μ™μ†#κΉ€μ²μ™λ°•#κΉ€μ²λ¨ν…”#κΉ€μ²μ•„ν¬λ¨ν…”#κΉ€μ²μ•„ν¬λ¬΄μΈν…”#motel#μ™λ°•#νΈμ•ν•μ™μ†#μΆ‹μ•„μ”#λ§›ν”#μ„ ν”#μ…€ν”Ό#μΈμ¤νƒ€κ·Έλ¨#κΉ”λ”ν•μ™μ†#korea#travelling 128μ£Ό,"['μ‹ν¬λ¦ΏλΉ„μ¦λ‹μ¤λ¨ν…”', 'κΉ€μ²λ¬΄μΈν…”', 'κΉ€μ²νΈν…”', 'κΉ€μ²μ™μ†', 'κΉ€μ²μ™λ°•', 'κΉ€μ²λ¨ν…”', 'κΉ€μ²μ•„ν¬λ¨ν…”', 'κΉ€μ²μ•„ν¬λ¬΄μΈν…”', 'motel', 'μ™λ°•', 'νΈμ•ν•μ™μ†', 'μΆ‹μ•„μ”', 'λ§›ν”', 'μ„ ν”', 'μ…€ν”Ό', 'μΈμ¤νƒ€κ·Έλ¨', 'κΉ”λ”ν•μ™μ†', 'korea', 'travelling']",9,2019λ…„ 5μ›” 24μΌ,choeseongug11,119.0,242.0,choeseongug11
ibyeongmin11,NULL,NULL,ibyeongmin11 #μ‹ν¬λ¦ΏλΉ„μ¦λ‹μ¤λ¨ν…”#κΉ€μ²λ¬΄μΈν…”#κΉ€μ²νΈν…”#κΉ€μ²μ™μ†#κΉ€μ²μ™λ°•#κΉ€μ²λ¨ν…”#κΉ€μ²μ•„ν¬λ¨ν…”#κΉ€μ²μ•„ν¬λ¬΄μΈν…”#νΈν…”#λ¬΄μΈν…”#μ™λ°•#νΈμ•ν•μ™μ†#μΆ‹μ•„μ”#λ§›ν”#μ„ ν”#μ…€ν”Ό#μΈμ¤νƒ€κ·Έλ¨#κΉ”λ”ν•μ™μ† 137μ£Ό,"['μ‹ν¬λ¦ΏλΉ„μ¦λ‹μ¤λ¨ν…”', 'κΉ€μ²λ¬΄μΈν…”', 'κΉ€μ²νΈν…”', 'κΉ€μ²μ™μ†', 'κΉ€μ²μ™λ°•', 'κΉ€μ²λ¨ν…”', 'κΉ€μ²μ•„ν¬λ¨ν…”', 'κΉ€μ²μ•„ν¬λ¬΄μΈν…”', 'νΈν…”', 'λ¬΄μΈν…”', 'μ™λ°•', 'νΈμ•ν•μ™μ†', 'μΆ‹μ•„μ”', 'λ§›ν”', 'μ„ ν”', 'μ…€ν”Ό', 'μΈμ¤νƒ€κ·Έλ¨', 'κΉ”λ”ν•μ™μ†']",7,2019λ…„ 3μ›” 26μΌ,ibyeongmin11,134.0,686.0,ibyeongmin11
pinkgaga77,NULL,NULL,pinkgaga77 #μ‹ν¬λ¦ΏλΉ„μ¦λ‹μ¤λ¨ν…”#κΉ€μ²λ¬΄μΈν…”#κΉ€μ²νΈν…”#κΉ€μ²μ™μ†#κΉ€μ²μ™λ°•#κΉ€μ²λ¨ν…”#κΉ€μ²μ•„ν¬λ¨ν…”#κΉ€μ²μ•„ν¬λ¬΄μΈν…”#νΈν…”#λ¨ν…”#μ™λ°•#νΈμ•ν•μ™μ†#μΆ‹μ•„μ”#λ§›ν”#μ„ ν”#μ…€ν”Ό#μΈμ¤νƒ€κ·Έλ¨#κΉ”λ”ν•μ™μ†#κΉ€μ²λ¨ν…”μ¶”μ² 139μ£Ό,"['μ‹ν¬λ¦ΏλΉ„μ¦λ‹μ¤λ¨ν…”', 'κΉ€μ²λ¬΄μΈν…”', 'κΉ€μ²νΈν…”', 'κΉ€μ²μ™μ†', 'κΉ€μ²μ™λ°•', 'κΉ€μ²λ¨ν…”', 'κΉ€μ²μ•„ν¬λ¨ν…”', 'κΉ€μ²μ•„ν¬λ¬΄μΈν…”', 'νΈν…”', 'λ¨ν…”', 'μ™λ°•', 'νΈμ•ν•μ™μ†', 'μΆ‹μ•„μ”', 'λ§›ν”', 'μ„ ν”', 'μ…€ν”Ό', 'μΈμ¤νƒ€κ·Έλ¨', 'κΉ”λ”ν•μ™μ†', 'κΉ€μ²λ¨ν…”μ¶”μ²']",11,2019λ…„ 3μ›” 12μΌ,pinkgaga77,219.0,923.0,pinkgaga
choeinhyeong11,NULL,NULL,choeinhyeong11 #μ‹ν¬λ¦ΏλΉ„μ§€λ‹μ¤λ¨ν…”#κΉ€μ²λ¬΄μΈν…”#κΉ€μ²νΈν…”#κΉ€μ²μ™μ†#κΉ€μ²μ™λ°•#κΉ€μ²λ¨ν…”#κΉ€μ²μ•„ν¬λ¨ν…”#κΉ€μ²μ•„ν¬λ¬΄μΈν…”#λ¬΄μΈν…”#νΈν…”#μ™λ°•#νΈμ•ν•μ™μ†#μΆ‹μ•„μ”#λ§›ν”#μ„ ν”#μ…€ν”Ό#μΈμ¤νƒ€κ·Έλ¨#κΉ”λ”ν•μ™μ† 143μ£Ό,"['μ‹ν¬λ¦ΏλΉ„μ§€λ‹μ¤λ¨ν…”', 'κΉ€μ²λ¬΄μΈν…”', 'κΉ€μ²νΈν…”', 'κΉ€μ²μ™μ†', 'κΉ€μ²μ™λ°•', 'κΉ€μ²λ¨ν…”', 'κΉ€μ²μ•„ν¬λ¨ν…”', 'κΉ€μ²μ•„ν¬λ¬΄μΈν…”', 'λ¬΄μΈν…”', 'νΈν…”', 'μ™λ°•', 'νΈμ•ν•μ™μ†', 'μΆ‹μ•„μ”', 'λ§›ν”', 'μ„ ν”', 'μ…€ν”Ό', 'μΈμ¤νƒ€κ·Έλ¨', 'κΉ”λ”ν•μ™μ†']",10,2019λ…„ 2μ›” 11μΌ,choeinhyeong11,114.0,78.0,choeinhyeong11
choesungyu12,NULL,NULL,choesungyu12 #μ‹ν¬λ¦ΏλΉ„μ§€λ‹μ¤λ¨ν…”#κΉ€μ²λ¬΄μΈν…”#κΉ€μ²νΈν…”#κΉ€μ²μ™μ†#κΉ€μ²μ™λ°•#κΉ€μ²λ¨ν…”#κΉ€μ²μ•„ν¬λ¨ν…”#κΉ€μ²μ•„ν¬λ¬΄μΈν…”#λ¬΄μΈν…”#νΈν…”#λ¨ν…”#μ™λ°•#νΈμ•ν•μ™μ†#μΆ‹μ•„μ”#λ§›ν”#μ„ ν”#μ…€ν”Ό#μΈμ¤νƒ€κ·Έλ¨#κΉ”λ”ν•μ™μ† 156μ£Ό,"['μ‹ν¬λ¦ΏλΉ„μ§€λ‹μ¤λ¨ν…”', 'κΉ€μ²λ¬΄μΈν…”', 'κΉ€μ²νΈν…”', 'κΉ€μ²μ™μ†', 'κΉ€μ²μ™λ°•', 'κΉ€μ²λ¨ν…”', 'κΉ€μ²μ•„ν¬λ¨ν…”', 'κΉ€μ²μ•„ν¬λ¬΄μΈν…”', 'λ¬΄μΈν…”', 'νΈν…”', 'λ¨ν…”', 'μ™λ°•', 'νΈμ•ν•μ™μ†', 'μΆ‹μ•„μ”', 'λ§›ν”', 'μ„ ν”', 'μ…€ν”Ό', 'μΈμ¤νƒ€κ·Έλ¨', 'κΉ”λ”ν•μ™μ†']",8,2018λ…„ 11μ›” 8μΌ,,,,
timestory_sinyoung,NULL,NULL,timestory_sinyoung #μ‹ν¬λ¦ΏλΉ„μ¦λ‹μ¤λ¨ν…”#κΉ€μ²λ¬΄μΈν…”#κΉ€μ²νΈν…”#κΉ€μ²μ™μ†#κΉ€μ²μ™λ°•#κΉ€μ²λ¨ν…”#κΉ€μ²μ•„ν¬λ¨ν…”#κΉ€μ²μ•„ν¬λ¬΄μΈν…”#μ™λ°•#νΈμ•ν•μ™μ†#μΆ‹μ•„μ”#λ§›ν”#μ„ ν”#μ…€ν”Ό#μΈμ¤νƒ€κ·Έλ¨#κΉ”λ”ν•μ™μ†#μ™μ†#λ¬΄μΈν…”#νΈν…” 161μ£Ό,"['μ‹ν¬λ¦ΏλΉ„μ¦λ‹μ¤λ¨ν…”', 'κΉ€μ²λ¬΄μΈν…”', 'κΉ€μ²νΈν…”', 'κΉ€μ²μ™μ†', 'κΉ€μ²μ™λ°•', 'κΉ€μ²λ¨ν…”', 'κΉ€μ²μ•„ν¬λ¨ν…”', 'κΉ€μ²μ•„ν¬λ¬΄μΈν…”', 'μ™λ°•', 'νΈμ•ν•μ™μ†', 'μΆ‹μ•„μ”', 'λ§›ν”', 'μ„ ν”', 'μ…€ν”Ό', 'μΈμ¤νƒ€κ·Έλ¨', 'κΉ”λ”ν•μ™μ†', 'μ™μ†', 'λ¬΄μΈν…”', 'νΈν…”']",6,2018λ…„ 10μ›” 10μΌ,timestory_sinyoung,258.0,4662.0,sinyoung
kimhyeonmin12,NULL,NULL,kimhyeonmin12 #μ‹ν¬λ¦ΏλΉ„μ¦λ‹μ¤λ¨ν…”#κΉ€μ²λ¬΄μΈν…”#κΉ€μ²νΈν…”#κΉ€μ²μ™μ†#κΉ€μ²μ™λ°•#κΉ€μ²λ¨ν…”#κΉ€μ²μ•„ν¬λ¨ν…”#κΉ€μ²μ•„ν¬λ¬΄μΈν…”#λ¬΄μΈν…”#νΈν…”#λ¨ν…”#μ™λ°•#νΈμ•ν•μ™μ†#μΆ‹μ•„μ”#λ§›ν”#μ„ ν”#μ…€ν”Ό#μΈμ¤νƒ€κ·Έλ¨#κΉ”λ”ν•μ™μ† 162μ£Ό,"['μ‹ν¬λ¦ΏλΉ„μ¦λ‹μ¤λ¨ν…”', 'κΉ€μ²λ¬΄μΈν…”', 'κΉ€μ²νΈν…”', 'κΉ€μ²μ™μ†', 'κΉ€μ²μ™λ°•', 'κΉ€μ²λ¨ν…”', 'κΉ€μ²μ•„ν¬λ¨ν…”', 'κΉ€μ²μ•„ν¬λ¬΄μΈν…”', 'λ¬΄μΈν…”', 'νΈν…”', 'λ¨ν…”', 'μ™λ°•', 'νΈμ•ν•μ™μ†', 'μΆ‹μ•„μ”', 'λ§›ν”', 'μ„ ν”', 'μ…€ν”Ό', 'μΈμ¤νƒ€κ·Έλ¨', 'κΉ”λ”ν•μ™μ†']",9,2018λ…„ 9μ›” 27μΌ,,,,
kanghyunjung11,NULL,NULL,kanghyunjung11 #μ‹ν¬λ¦ΏλΉ„μ§€λ‹μ¤λ¨ν…”#κΉ€μ²λ¬΄μΈν…”#κΉ€μ²νΈν…”#κΉ€μ²μ™μ†#κΉ€μ²μ™λ°•#κΉ€μ²λ¨ν…”#κΉ€μ²μ•„ν¬λ¨ν…”#κΉ€μ²μ•„ν¬λ¬΄μΈν…” 179μ£Ό,"['μ‹ν¬λ¦ΏλΉ„μ§€λ‹μ¤λ¨ν…”', 'κΉ€μ²λ¬΄μΈν…”', 'κΉ€μ²νΈν…”', 'κΉ€μ²μ™μ†', 'κΉ€μ²μ™λ°•', 'κΉ€μ²λ¨ν…”', 'κΉ€μ²μ•„ν¬λ¨ν…”', 'κΉ€μ²μ•„ν¬λ¬΄μΈν…”']",4,2018λ…„ 6μ›” 1μΌ,kanghyunjung11,171.0,4722.0,kanghyunjung11
coffeeblossom7,NULL,NULL,coffeeblossom7 μ ‘μ‹μ— μΏ ν‚¤ λ‹΄λ‹¤κ°€ λ‚μ¨ κ²μ¤νΈ κ°„ν  μ²μ μ—΄μ •μ„ μμ„λ•λ§λ‹¤ κΈ°λ¶„μΆ‹μ€ λ¬μ•½μ΄ λμ–΄μ¤λ‹λ‹¤^^ #κΉ€μ²κ²μ¤νΈν•μ°μ¤ #κΉ€μ²μ™λ°• #κΉ€μ²μ™μ†#airbnb #blossomguesthouse#f4f #κΉ€μ²#κµλ™#μ—°ν™”μ§€#λ΅μ¤ν„°λ¦¬μΉ΄ν#μ»¤ν”ΌλΈ”λ­ #λΈ”λ¬μΈκ²μ¤νΈν•μ°μ¤ 237μ£Ό,"['κΉ€μ²κ²μ¤νΈν•μ°μ¤', 'κΉ€μ²μ™λ°•', 'κΉ€μ²μ™μ†', 'airbnb', 'blossomguesthouse', 'f4f', 'κΉ€μ²', 'κµλ™', 'μ—°ν™”μ§€', 'λ΅μ¤ν„°λ¦¬μΉ΄ν', 'μ»¤ν”ΌλΈ”λ­', 'λΈ”λ¬μΈκ²μ¤νΈν•μ°μ¤']",147,2017λ…„ 4μ›” 20μΌ,coffeeblossom7,48.0,697.0,λΈ”λ¬μΈκ²μ¤νΈν•μ°μ¤ μ—¬ν–‰ κ°€μ΄λ“ πΈ λ·°ν‹°ν” λ¨λ‹μ κ²μ¤νΈν•μ°μ¤ βοΈ μμ•½ λ¬Έμ 010-3813-6318 blog.naver.com/kc5428
seonjinkong,NULL,NULL,seonjinkong μ¦κ±°μ΄λ…μ ! ν–‰λ³µν•κ³  μ—¬μ λ΅­κ² μ¦κΈ°μ„Έμ”! #μ¶”μ„ #μ μλ¦¬ #κΉ€μ²μ™λ°• #λ΅μ λ‹μ•„νΈν…” #κΉ€μ²νΈν…” #νμ‹ λ„μ‹νΈν…” #μ¶”μ„μ΄λ²¤νΈ 271μ£Ό,"['μ¶”μ„', 'μ μλ¦¬', 'κΉ€μ²μ™λ°•', 'λ΅μ λ‹μ•„νΈν…”', 'κΉ€μ²νΈν…”', 'νμ‹ λ„μ‹νΈν…”', 'μ¶”μ„μ΄λ²¤νΈ']",6,2016λ…„ 8μ›” 26μΌ,seonjinkong,46.0,169.0,Seonjin Kong
