place,category,address,tel,review_count,total star,url,user_name,write_date,user_stars,comment,lat,lng
B&B모텔,"여관,모텔",부곡동 424-3,054-910-1199,5,1.6,https://kcbnb.modoo.at/,"['YM', '임덕규', '앙기모띠주는나무', '천승민', '김준성']","['2021.06.28.', '2020.05.27.', '2020.04.15.', '2020.02.04.', '2017.11.29.']","['1', '2', '1', '1', '3']","['진짜 불친절합니다', '모텔 옆에 사는 인간이 개를 키우는데 새벽에 개가 갑자기 엄청 짖어서 좀 놀랐네요', '현금만 받으려고해요. 카드계산은 완전 불친절', '와웅 시설이 좋은데 방음이 완전 끝내줍니다 모든게 다들려요!^0^', '시설은 진짜 마음에 들었는데 청소상태가 아쉬웠습니다..변기청소랑..머리카락이 몇 개 보였어요..  청소 끝난 객실들중에 전체는 아니라도 어느정도는  점검을 하시는게 좋을 것 같습니다!']",36.12431309999999,128.1016407
해인산장,"산장,별장",부항면 해인리 266,054-437-1991,1,5.0,http://www.xn--zf4b17j5dm97c.com/,['정발산기슭'],['2021.02.06.'],['5'],['사장님도 친절하시고 고기가 너무 맛있어요. 고기뿐만 아니라 밑반찬도 너무 맛있네요. 특히 장아찌'],36.0134926,127.8982023
캠핑뜨락오토캠핑장,오토캠핑장,조마면 강곡리 917-1,010-4114-7122,0,0.0,http://cafe.naver.com/campingdderock,,,,,36.0142463,128.0828071
베네치아,"여관,모텔",감호동 11-2,054-436-1089,1,1.0,,['.'],['2020.09.19.'],['1'],"['자는데 리모컨 누르지도 않았는데 갑자기 중앙등이 켜지고,  밤새도록 바람소리에 문이 덜컹덜컹 흔들렸어요.']",36.1224517,128.1298821
하늘아래첫동네오토캠핑장,오토캠핑장,증산면 금곡리 801,,0,0.0,http://cafe.naver.com/hahadongcamping,,,,,35.8814193,128.0364302
바람재두리펜션,펜션,대항면 주례리 214-2,010-8674-7318,2,5.0,http://www.baramjaepension.co.kr/,"['나만 당할 수 없다', '♡지민도♡']","['2020.07.06.', '2019.07.28.']","['5', '5']","['여러 번 가보았지만 갈 때마다 한결같이 깨끗합니다. 특히나 수영장과 계곡은 너무 좋아요.', '']",36.0772057,127.9948562
쉼표캠핑장,"야영,캠핑장",아포읍 대성리 273,054-430-1110,1,4.0,http://www.gumi-camping.co.kr/,['.'],['2021.07.09.'],['4'],"['아기자기하고 아담하니, 편안한 캠핑장. 10+1 쿠폰이 있다']",36.1359668,128.2732683
모텔윈,"여관,모텔",용두동 83-1,054-430-0087,3,3.7,,"['ᆞ쌤ᆞ', '😍', '쿤']","['2020.09.01.', '2019.04.29.', '2018.07.13.']","['5', '1', '5']","['어때 매진 됐으나 전화로 특실 예약...자정도착.vip제공 받음. 803호 스파 굳.보글과 파도형 플러스 된...  일반실까지 스파 있다하니 담건엔 써 봐야지... 저 같은 스파족을위해 관리 잘 해 주셈...  아마 옆 가게서 들어와 쓴 ㄱㅡㄹ 인듯 ¿', '불친절함에 최악의 숙박시설이였다. 불쾌감에 김천 일정도 엉망이 되었던  다신 못갈곳~~ 갑질윈!~~숙박시설에 서비스마인드는 내 모텔이라는 갑질로불쾌한 모텔주인만나 일정도 엉망이 되었던...어처구니없던곳!', '출장 오신분들 가세요  깨끗하고 좋습니다  그리고 사장님이 츤데레시네요  ㅎㅎ']",36.1207447,128.1282118
한옥황토펜션,펜션,구성면 마산리 173-2,054-433-7367,1,5.0,https://hodoopension.modoo.at/,['mmmm'],['2021.10.16.'],['5'],['급하게 하루 자야해서 찾다가 온 곳 너무 깨끗하고 사장님도 친절하시고 황토방이라서  정말 푹 쉬고 갑니다^_^ '],36.0461043,127.9631746
제로모텔,"여관,모텔",대항면 덕전리 1266,054-439-5959,0,0.0,https://blog.naver.com/kms87412,,,,,36.1296676,128.0327638
E모텔,"여관,모텔",덕곡동 1000-1,054-432-3210,2,3.0,,"['^^', '호헌']","['2019.11.11.', '2019.10.25.']","['5', '1']","['친구들이랑 가봤는데 주인분도 친절하고 너무 좋았습니다 모텔도 깨끗하고 방도 따뜻하고 너무 좋았어요 ^^ 담번에도 갈 예정이에요 ', '드론교관과정 교육차 김천에 왔다가 3일 35,000씩해준다고 해서 들어 왔다가, 잠한숨도 못자고 감기만 걸렸음  주인이 전기세가 아까운지 방보일러 끄는 바람에 감기걸리고 잠 못자고 카운터에 이야기 해 자다가 새벽 2시경 방바꾸고 하고 살다 살다 이런 쇼는 처음 해 보내요  절대 이여관 가지 마세요, 꼭 후회 합니다']",36.1177429,128.151047
M플러스모텔,"여관,모텔",남면 부상리 378-10,054-435-7942,0,0.0,,,,,,36.0739771,128.2638888
스위트모텔,"여관,모텔",평화동 146-7,054-434-6355,1,1.0,http://054-434-6355.kti114.net/,['상상'],['2021.07.01.'],['1'],['한여름에 에어컨에서 냄새가 너무나서 못틀겠다고하니 향수뿌리고 쓰라고 하네요 안되겠다고하니 나중에는 에어컨 쓰지말고 선풍기쓰라고 줍니다 대회중 방이없어서 할수없이 자긴하는데 너무하네요 별하나도아깝습니다 아래 별점때문에 왔는데 pc없습니다'],36.1269396,128.1087299
힐튼모텔,"여관,모텔",덕곡동 975-1,054-430-6763,0,0.0,,,,,,36.1152901,128.1548513
김천이화만리캠핑장,오토캠핑장,농소면 봉곡리 1214,,0,0.0,,,,,,36.071509,128.1773789
시크릿모텔,"여관,모텔",아포읍 인리 956-3,054-431-1100,0,0.0,,,,,,36.1676817,128.2460888
더비앤비모텔,"여관,모텔",부곡동 415-15,054-910-1122,3,2.3,,"['J.J', '빵', '앙기모띠주는나무']","['2021.10.08.', '2021.01.05.', '2019.03.30.']","['1', '5', '1']","['현금만 받으려고 용쓴다.여자사장이 엄청 싸가지 없음.세무조사 들어가야된다.왜 카드 안받으려고 애쓰냐고!!!', '안마베드  ㄷㄷㄷ 누가 안마해주나요??????', '시설은 신식이라 최고인데 / 엄청 불친절에 카드 안받으려고 만들어놓은 시스템도 별로임 카드로 대실계산했더니 문도 늦게열어주고 퇴실 한시간 남았는데 갑자기 벨울려댔음. 세번째 방문하고 다신안감  시설만 보고 가는사람은 추천']",36.1276138,128.1015217
오색애견펜션,펜션,남면 오봉리 708-2,010-7484-5953,1,5.0,http://fivecolorpet.com/,['최윤석'],['2021.10.28.'],['5'],['넘 깨끗하고 편안해요. 사장님도 친절하시구요. 근처에 오봉저수지와 산들이 있어 산책과 등산하기에도 참 좋습니다.'],36.1107004,128.2469539
직지사산마을펜션,펜션,대항면 운수리 406,010-4200-6811,0,0.0,http://www.xn--hz2b99jpoap3qp9q.com/,,,,,36.1107676,128.0128925
S모텔,"여관,모텔",부곡동 428-16,054-430-8925,0,0.0,,,,,,36.1235275,128.1034028
몽플러스모텔,"여관,모텔",감호동 158,054-437-6301,0,0.0,,,,,,36.1189713,128.1294965
미라클모텔,"여관,모텔",감호동 8,054-437-6617,0,0.0,https://blog.naver.com/miraclemotel,,,,,36.1230105,128.1299408
커플모텔,"여관,모텔",덕곡동 1137,054-432-6988,3,2.0,,"['써브웨이', '리원이아빠', '출장맨']","['2019.11.05.', '2019.06.18.', '2019.04.22.']","['1', '4', '1']","['방가지고 사기치는거는 모르겠고 금액이 아까움 그리고 카운터 아줌마 불친절해서 다시 가고싶다는 생각은 전혀 안듬', '이정도면 괜찮은것 같네요. 팁으로 몇호인지는 모르겠는데 모퉁이에 있는방이 다른 방의 1.5배 정도 되는 것 같네요. ', '방2개에 5만이래놓고 10만결재하는 사기업체 조심합시다']",36.1187625,128.1501492
김천호반펜션,펜션,남면 오봉리 1209,054-437-4500,0,0.0,http://www.xn--4k0bo6xh5dtrnbqiq4d.com/,,,,,36.1212889,128.2397885
숲속무인텔,"여관,모텔",봉산면 태화리 609,054-434-3352,0,0.0,https://blog.naver.com/gsgpmh,,,,,36.149567,128.0216591
하이센스모텔,"여관,모텔",삼락동 1210,054-434-8999,0,0.0,,,,,,36.1423399,128.0939112
김천한솔펜션,펜션,대항면 운수리 637-1,054-436-6072,0,0.0,http://hansolpension.modoo.at/,,,,,36.105033,128.0100216
캠프1950 밀리터리글램핑,글램핑장,대덕면 문의리 240,,0,0.0,http://cafe.naver.com/camping1950,,,,,35.8787838,127.9410435
비타민무인텔,"여관,모텔",지례면 상부리 288,054-439-1800,0,0.0,,,,,,35.9857025,128.0325012
아도라모텔,"여관,모텔",덕곡동 1002-5,054-433-6611,1,5.0,,['임동훈'],['2018.07.20.'],['5'],['친절하고 좋았습니다'],36.1175718,128.1516521
블러썸게스트하우스,게스트하우스,교동 843,054-437-0072,2,5.0,http://blog.naver.com/kc5428,"['잘먹는미식가', '이은송']","['2021.10.30.', '2021.04.21.']","['5', '5']","['부디 사장님께서 만수무강하셔서 오래오래 게스트하우스 운영해주셨으면 하는 바램입니다... (도공경기보러갈 때 위치 아주 굿이에요) 여유롭게 걸어서 20분!!', '지금 묵고있는데 깨끗하고 넓고 좋아영 친구랑 2인숙박 잡았고 침대 매트리스 두꺼워서 편해요 조식도 맛있음ㅎ']",37.7670917,128.8866249
수모텔,"여관,모텔",부곡동 426-7,054-430-4344,0,0.0,,,,,,36.1242951,128.1047524
코아모텔,"여관,모텔",평화동 245-180,054-431-3400,3,4.3,,"['01085905604', '나인혜', '나폴스']","['2021.10.03.', '2017.11.15.', '2017.11.13.']","['3', '5', '5']","['제주가든', '편안하고 가격이 저렴해서 좋아요ㅎㅎ', '시설은  최신아니지만 저렴,  깨끗하네요.']",36.1250753,128.109185
김천영희민박팬션,민박,대항면 운수리 462-1,010-2710-0194,0,0.0,http://younheepan.com/,,,,,36.1086895,128.0101742
EX모텔,"여관,모텔",용두동 34-1,,0,0.0,,,,,,37.5731343,127.0404611
김천하늘정원,"야영,캠핑장",,,0,0.0,http://blog.naver.com/bedshin926,,,,,0,0
아미가모텔,"여관,모텔",부곡동 425-7,054-436-7477,1,2.0,,['dyj'],['2021.06.18.'],['2'],['사장님 친절하신것같습니다 방 인테리어도좋습니다 하지만 청소상태가 불량하고  수건도 너무얇고 냄새도납니다 냉장고에도 물밖에없네요 '],36.1245014,128.1028052
나비야모텔,"여관,모텔",부곡동 425-22,054-433-6183,1,1.0,,['토토가'],['2017.08.28.'],['1'],['.... 모텔이랑 노래방이랑 같이  있어서 소음 간간히 계속 울리고 드라이기는 뜨거운 바람 안나오고... 숙박으로는 최악입니다..'],36.124534,128.1036763
하이디펜션,펜션,남면 월명리 551-1,,0,0.0,,,,,,36.0588674,128.2540192
오투모텔,"여관,모텔",아포읍 인리 972,054-437-8778,0,0.0,http://www.o2motel.kr/,,,,,36.1654901,128.2481071
더캠프 렌탈캠핑장,"야영,캠핑장",대항면 덕전리 96,054-436-0105,0,0.0,http://cafe.naver.com/thecamprentalcamping,,,,,36.1022672,128.0533523
첼로모텔,"여관,모텔",평화동 359-30,054-433-1185,0,0.0,,,,,,36.1258585,128.107252
용추민박,민박,증산면 수도리 37,,6,2.3,,"['ㄱ우영길', '🤖', '김지연', 'MCC 이화랑', '향 숙']","['2021.08.04.', '2021.07.29.', '2021.07.26.', '2021.07.26.', '2019.08.29.']","['1', '1', '1', '1', '5']","['별 0개도 아까운 성질 정말 더럽고 괴팍한 집주인입니다. 공유지인 계곡이 자기것인냥 고래고래 고함을 지르며 나가라고 난리도 이만저만 아닙니다.  공유지 계곡에 피서를 와서 휴식을 취하고 있는데 난데 없이 나타나 일방적 괴성에 칼로 자해한 흉터진 배를 보이며 공갈과  협박조로 나가라고 하니 엄청 당황스럽더군요. 다시금 두번다시 가지말아야할 깡패집 같습디다. ...', '후기쓸려고 가입까지함. 할말이 많지만, 절대 오지마. 별 0개나 -100개를 주고 싶음. 민박인데, 불편하고 지저분함. 방에 있는 이 장농이랑 장농 위에 짐이랑 알 수 없는 한약 비닐만 봐도 분위기 보이지 않음? 아 개빡쳐.', '아, 저도 당했어요! 사유니까 나가라고. 알고보니 국유지와 군유지에 평상 깔아놓고 돈 받고 있네요. 3만원, 5만원. 말만 잘하면 깍아 준다고 ㅎ 시민 모두의 공간을 자신들의 돈벌이 공간으로 만들고는 되려 당당하게 소리치는 모습에 무지 황당했었어요. 참고하세요.', '공유지를 사유지처럼 독점하고 있는 분들... 계곡과 계곡 주변 땅 모두 공유지인데 평상 깔아놓고 돈받고 있네요.. 게다가 용추민박에서 직선거리 35미터나 떨어진 계곡에서 아이들과 물놀이 잠깐 하고 있는데, 사유지라며 ""가요! 나가요!""를 연발 외치는 용추민박 사장. 수도권은 계곡정비 끝내고 시민들의 품으로 돌아왔다던데... 김천은 언제나 그런 날이 올지.....', '용추민박집가시면 용추폭포도 들러보세요~무흘구곡중 마지막9곡입니다']",35.8636896,128.0119455
금낭화타운,펜션,,,0,0.0,,,,,,0,0
모텔마추피추,"여관,모텔",신음동 588-10,054-439-1200,1,1.0,,['게'],['2021.07.19.'],['1'],[''],36.1486905,128.1181858
롯데모텔,"여관,모텔",평화동 245-158,054-433-6563,0,0.0,,,,,,36.1253648,128.1089655
오페라모텔,"여관,모텔",부곡동 402-21,054-433-3055,1,1.0,,['백철주'],['2019.03.19.'],['1'],['진짜 점주 마인드 교육쩜 해야할듯'],36.1248706,128.1042377
렉스모텔,"여관,모텔",평화동 145-5,,1,5.0,,['김자평'],['2018.01.02.'],['5'],['출장 왔는데 저렴하게 잘만함 각 방마다 무선 공유기 있음 랜케이블을 소유한 자는 유선으로 연결할 수 있는 포트 여유분 있음 목욕탕이 사각형이 아니라 삼각형의 큰 목욕탕이라서 물을 채워서 몸을 담글 수 있음  4만 원짜리 1인용 개인실 치고는 괜찮음  실제 체험하고 글을 올림 물 두 개  커 피 두 개  차 두 개  종이컵 기타 세면도구 다 증정 함  인터넷...'],36.1272092,128.1086347
전원모텔,"여관,모텔",구성면 미평리 129,054-435-5115,0,0.0,,,,,,36.0313244,128.0500688
모디이캠핑장,"야영,캠핑장",지례면 도곡리 522-3,054-436-9555,1,5.0,http://modicamping.co.kr/,['사랑으로'],['2021.08.25.'],['5'],['푸르름의 향을 만끽 할수 있는 힐링의 캠핑장 인듯 합니다. 잘 쉬었다  왔네요.'],35.9771001,128.0156817
힐링모텔,"여관,모텔",대항면 덕전리 1286,,0,0.0,,,,,,36.1298024,128.0343071
샵모텔,"여관,모텔",평화동 245-122,,0,0.0,,,,,,36.1259628,128.1084486
탑모텔,"여관,모텔",삼락동 1180,,2,5.0,,"['최순석', '평안']","['2019.10.28.', '2018.05.05.']","['5', '5']","['', '']",36.1427584,128.0923294
그랜드모텔,"여관,모텔",평화동 300-15,054-430-1616,1,5.0,,['Chance'],['2020.06.14.'],['5'],[''],36.1222731,128.1141447
프로포즈모텔,"여관,모텔",부곡동 402-2,054-432-3013,0,0.0,,,,,,36.1251238,128.1043358
옥당걸숲속펜션,펜션,부항면 두산리 158,,2,5.0,http://www.okdanggeol.co.kr/,"['Ma-hert~!', '행복']","['2019.09.09.', '2019.04.28.']","['5', '5']","['자연 그대로의 환경과 주변의 경치에 자연인 듯한 넓직한 시설에 자연과 잘 어울리는 사장님의 미소와 친절은 그리움의 원천이 될 듯 합니다~,  쏟아지는 은하수는 늘 꿈에서 찾아가는 도로가 되고요~!', '사장님 정말친절하고 주변경치도 너무좋네요 강추입니다 근처 부항댐 도있고 직지사도 있고 담에 또오고싶네요']",36.0055059,127.9554829
은하수관광농원 캠핑장,"야영,캠핑장",부항면 두산리 166,,0,0.0,,,,,,36.0032407,127.9549839
김천 러브 무인텔,호텔,남면 부상리 47-5,,0,0.0,,,,,,36.0649367,128.298245
알프스모텔,"여관,모텔",대항면 향천리 328-6,054-437-8933,1,5.0,,['종종'],['2019.04.12.'],['5'],[''],36.1162172,128.0175188
원모텔,"여관,모텔",부곡동 425-23,054-434-1334,0,0.0,,,,,,36.1244688,128.1030241
남경오디세이,펜션,지례면 울곡리 822-1,054-435-5732,0,0.0,http://www.odisay.com/,,,,,35.9421668,128.0738105
김천 호텔 윈,호텔,용두동 83-1,,0,0.0,,,,,,36.1207447,128.1282118
쉘모텔,"여관,모텔",대항면 운수리 10-3,054-436-6878,0,0.0,,,,,,36.11366659999999,128.0171539
수도산쉼터,펜션,증산면 평촌리 422,010-5164-1303,0,0.0,http://blog.naver.com/tnehtks2018,,,,,35.8997033,128.0179972
칸모텔,"여관,모텔",남면 봉천리 51-2,054-434-4114,0,0.0,,,,,,36.1274221,128.2264066
김천 YS 무인텔,호텔,,,0,0.0,,,,,,0,0
증산오토캠핑장,오토캠핑장,증산면 장전리 820-1,054-434-5800,0,0.0,http://cafe.daum.net/jeungsancamp,,,,,35.8698503,128.0521707
스카이모텔,"여관,모텔",부곡동 439-6,054-432-2377,0,0.0,,,,,,36.1262341,128.1064348
밀라노모텔,"여관,모텔",용두동 15,054-435-7395,0,0.0,,,,,,37.5773464,127.0374318
크리스탈모텔,"여관,모텔",남면 부상리 712,054-437-5999,0,0.0,,,,,,36.07199689999999,128.2618383
가빈모텔,"여관,모텔",감호동 10,054-430-4254,0,0.0,,,,,,36.122805,128.1299038
우두령민박,민박,구성면 마산리 130,,1,5.0,http://blog.naver.com/jhsklnjhs,['서경석'],['2020.03.01.'],['5'],[''],36.0330958,127.9698463
자이모텔,"여관,모텔",감호동 32,054-437-4888,0,0.0,,,,,,36.1215385,128.1291996
대야산방,펜션,부항면 대야리 629-1,,1,5.0,,['전망대'],['2021.02.26.'],['5'],['닭들이휘파람소리에  다집합이라 ㆍㆍ대장님홧팅'],36.0235271,127.9122304
호호모텔,"여관,모텔",평화동 245-126,054-435-7555,0,0.0,,,,,,36.1259202,128.1087207
J모텔,"여관,모텔",어모면 옥계리 25,054-434-9899,0,0.0,,,,,,36.21974,128.0977987
신큐무인텔,"여관,모텔",응명동 908-2,054-437-2245,3,3.7,,"['남찌', '최종광_불멸최강', '종성']","['2021.04.13.', '2021.04.08.', '2021.03.22.']","['5', '1', '5']","['깨끗하고 좋아요', '여긴 뭐야. 16시에 갔는데,한참 대실로 돈벌어야 한다고 2만원 추가인데 1만원 받는다네. 여주인이 돈독에 넘 오르신거 아닙니까ㅡ.ㅡ+', '']",36.1529273,128.1156127
마리나모텔,"여관,모텔",평화동 245-58,054-430-9000,0,0.0,,,,,,36.1246949,128.111242
황토민박,민박,대항면 운수리 146-1,054-435-6627,0,0.0,,,,,,36.1195098,128.0060776
파크킹,숙박,어모면 중왕리 472-23,010-6335-6800,0,0.0,,,,,,36.1796019,128.1253183
노적산방황토펜션,펜션,증산면 평촌리 252,010-2509-3687,0,0.0,https://blog.naver.com/chs0114,,,,,35.895664,128.0205097
김천 리코 무인텔,호텔,남면 오봉리 1257-2,,0,0.0,,,,,,36.1268113,128.2319274
로미오모텔,"여관,모텔",감호동 12-7,054-435-2231,0,0.0,,,,,,36.1226269,128.1296102
무인엔모텔,"여관,모텔",대항면 덕전리 1339-2,054-430-2727,0,0.0,,,,,,36.1302885,128.0362415
투엔원모텔,"여관,모텔",남면 부상리 378,054-436-5588,1,2.0,,['이정훈'],['2020.04.04.'],['2'],[''],36.0739771,128.2638888
프라미스모텔,"여관,모텔",부곡동 428-21,,0,0.0,,,,,,36.1237038,128.1028042
직지유스텔,"여관,모텔",봉산면 덕천리 553-24,010-6331-8885,0,0.0,https://pensionmotel.modoo.at/,,,,,36.13573,128.0347874
YS모텔,"여관,모텔",남면 오봉리 590-1,054-437-6830,0,0.0,,,,,,36.1014291,128.2575279
예스텔,"여관,모텔",남면 봉천리 217,054-437-9970,1,1.0,,['안'],['2021.08.15.'],['1'],['위생이 좋지않아요 싼곳은 이유가있죠. 벌레많음. 위생상태 안좋음. 큰 차량이신분은 주의하세요 차옆면 다긁힘 도로가좁아요. 주변에 아무것도없음 오지산골짜기에 덩그러니 모텔하나가... 범죄자 수배범이 숨어살기 좋은곳임. 첫방문이지만 재방문의사 없음. 너무 무서워요.ㅠㅠ'],36.1375692,128.2242879
김천 힐링 무인텔,호텔,,,0,0.0,,,,,,0,0
호박여인숙,숙박,평화동 300-14,,0,0.0,,,,,,36.1222237,128.1139458
상록수,민박,증산면 평촌리 608,054-437-4774,0,0.0,http://sangnoksu.co.kr/,,,,,35.8907063,128.01787
생각하는섬,오토캠핑장,대덕면 문의리 240,,0,0.0,http://www.idwww.co.kr/,,,,,35.8787838,127.9410435
김천 학생야영장,"야영,캠핑장",대덕면 연화리 255,054-435-3493,0,0.0,,,,,,35.9219349,127.9468423
황제모텔,"여관,모텔",평화동 245-128,054-433-4558,0,0.0,,,,,,36.1259973,128.1091619
드라이브인휴모텔,"여관,모텔",아포읍 국사리 535,,1,5.0,,['방랑식객'],['2020.10.19.'],['5'],['주차시설도잘되어있고~객실도깨끗하니가격대비완전굿~~'],36.1551593,128.2478123
새태양여인숙,"여관,모텔",평화동 324-15,,0,0.0,,,,,,36.12277530000001,128.1119825
공원민박,민박,대항면 운수리 328,054-436-6328,0,0.0,,,,,,36.11066,128.0066956
리코모텔,"여관,모텔",남면 오봉리 1257-2,054-436-8855,0,0.0,,,,,,36.1268113,128.2319274
산속의아침,민박,부항면 대야리 629-1,054-437-2431,0,0.0,,,,,,36.0235271,127.9122304
로즈힐모텔,"여관,모텔",아포읍 국사리 600-9,054-436-4009,0,0.0,,,,,,36.159039,128.2470965
아리아모텔,"여관,모텔",감호동 29,054-434-0723,0,0.0,,,,,,36.1216339,128.1293453
휠모텔,"여관,모텔",남면 부상리 789,054-431-2900,0,0.0,,,,,,36.0723222,128.2618594
소야모텔,"여관,모텔",부곡동 361-44,054-436-4348,0,0.0,,,,,,36.12437930000001,128.105408
아리수,"여관,모텔",남면 봉천리 277,070-7163-6501,0,0.0,,,,,,36.141395,128.2248433
모텔하이야트,"여관,모텔",평화동 147-9,054-439-9933,0,0.0,,,,,,35.7829989,127.1365876
황토민박펜션,펜션,증산면 평촌리 656-6,010-8834-8560,0,0.0,http://blog.naver.com/freemason21,,,,,35.8853333,128.0189155
엘림장여관,"여관,모텔",평화동 323-7,054-430-2269,0,0.0,,,,,,36.1229802,128.1126826
오봉스모텔,"여관,모텔",남면 송곡리 산 77,054-432-0056,1,1.0,,['문희주'],['2021.06.01.'],['1'],"['어제밤 12시 오봉스모텔 숙박 싸고 좋네! ? 그리고 감동 아침에 나와 일이 있어 상주로 이동, 많은 짐 정리하고, 서울행 고속버스 탑승, 가다 생각하니 어제 방에 가지고 들어간 애완달팽이 두고 왔구나 큰일이네, 오봉스 모텔 검색 전화 안됨, 다시 확인 오봉스대표전화, 다시 전화 안됨, 다시 또다시. 또다시, 또다시 수없이 전화 시도, 집에 도착, 또시도,...']",36.0894558,128.248793
샘모텔,"여관,모텔",아포읍 인리 955,054-434-9933(팩스),0,0.0,,,,,,36.1677495,128.2459879
휴모텔,"여관,모텔",대항면 덕전리 1160,054-436-2242,0,0.0,,,,,,36.131568,128.0474981
로망스모텔,"여관,모텔",감호동 39-2,054-430-5100,0,0.0,,,,,,36.1211815,128.1293212
폭스모텔,"여관,모텔",아포읍 송천리 1111,054-437-8254,0,0.0,,,,,,36.1530675,128.2686656
김천 몽플러스,호텔,감호동 158,,0,0.0,,,,,,36.1189713,128.1294965
오렌지모텔,"여관,모텔",응명동 929-1,,0,0.0,,,,,,36.1532805,128.1166179
김천 원,호텔,부곡동 425-23,,0,0.0,,,,,,36.1244688,128.1030241
모텔런던파크,"여관,모텔",부곡동 425-2,054-434-7259,0,0.0,,,,,,36.1247245,128.1032932
파크장여관,"여관,모텔",평화동 245-177,054-430-1212,0,0.0,,,,,,36.1249621,128.1087961
로얄모텔,"여관,모텔",부곡동 425-3,054-433-1123,0,0.0,,,,,,36.1246543,128.1031421
인디언걸,"여관,모텔",대항면 덕전리 1321,054-910-5656,0,0.0,,,,,,36.1291097,128.038773
김천 E,호텔,,,0,0.0,,,,,,0,0
발리모텔,"여관,모텔",아포읍 국사리 49-1,,1,5.0,,['샬롬'],['2018.02.24.'],['5'],[''],36.159496,128.2590069
김천 수,호텔,부곡동 426-7,,1,3.0,,['이준원'],['2021.05.11.'],['3'],"['숙소는 깨끗하고 넓고 좋은데 소개해준 식당 서비스가  별로였음 불친절하고 의욕도 없음, 소개해준 식당만 안가면 별점 4.5점!!!']",36.1242951,128.1047524
카오스모텔,"여관,모텔",대항면 덕전리 1346,054-432-7477,0,0.0,,,,,,36.1288983,128.0375141
극동모텔,"여관,모텔",부곡동 425-17,054-432-2810,0,0.0,,,,,,36.1245731,128.103253
수정하숙,"여관,모텔",평화동 304-11,054-434-2764,0,0.0,,,,,,36.1217677,128.1138262
에이플러스모텔,"여관,모텔",아포읍 국사리 49-2,,0,0.0,,,,,,36.1595901,128.2584249
BC모텔,"여관,모텔",어모면 옥계리 26-1,,1,5.0,,['타라꾸'],['2019.12.03.'],['5'],['외관은 삐까번쩍하지 않아도 보기보단 괞찬음'],36.2196609,128.0975384
월드모텔,"여관,모텔",용두동 30,054-431-9696,0,0.0,,,,,,37.5757009,127.034989
모노모텔,"여관,모텔",남면 봉천리 53-2,054-433-0018,0,0.0,,,,,,36.1279311,128.2260469
라인모텔,"여관,모텔",남면 부상리 47-4,,0,0.0,,,,,,36.0649367,128.298245
삼도봉해인펜션,펜션,부항면 해인리 199-2,,0,0.0,,,,,,36.0133059,127.9069089
해인타운,펜션,부항면 해인리 177-2,054-437-4492,0,0.0,,,,,,36.0131358,127.9072242
리치모텔,"여관,모텔",용두동 49-1,054-436-4406,0,0.0,,,,,,0,0
샤르망모텔,"여관,모텔",대항면 운수리 38-10,,0,0.0,,,,,,36.115089,128.0159968
증산사람들,숙박,증산면 평촌리 364-2,054-437-6868,0,0.0,http://jspeople.or.kr/,,,,,35.898315,128.0198236
김천 프라미스,호텔,부곡동 428-21,,0,0.0,,,,,,36.1237038,128.1028042
홍일장여관,"여관,모텔",평화동 261-4,054-434-2020,0,0.0,,,,,,36.123178,128.1131273
마운틴모텔,"여관,모텔",아포읍 대성리 666-1,,0,0.0,,,,,,36.1078981,128.2740074
큐모텔,"여관,모텔",아포읍 대성리 547-4,,0,0.0,,,,,,36.118258,128.2800242
베니스모텔,"여관,모텔",용두동 19-4,054-437-1530,0,0.0,,,,,,0,0
인디언보이,"여관,모텔",대항면 덕전리 1317-6,054-910-5556,0,0.0,,,,,,36.1287176,128.0390372
아리랑모텔,"여관,모텔",평화동 147-18,054-433-1417,0,0.0,,,,,,36.1267421,128.1078464
공감모텔,"여관,모텔",평화동 245-206,054-433-7030,0,0.0,,,,,,36.1256164,128.1088281
올리브모텔,"여관,모텔",용두동 163-2,054-434-3016,0,0.0,,,,,,37.5795441,127.0302936
진여지야영장,"야영,캠핑장",대항면 대성리 995-1,,0,0.0,,,,,,36.0643793,128.0154304
나르모텔,"여관,모텔",부곡동 428-9,,0,0.0,,,,,,36.1236582,128.1033929
뉴스위트모텔,"여관,모텔",남면 봉천리 51-5,054-439-9444,0,0.0,,,,,,36.1264964,128.2273904
파크모텔,"여관,모텔",평화동 245,054-430-1212,0,0.0,,,,,,36.1258413,128.1112891
선모텔,"여관,모텔",대항면 덕전리 1340-2,054-431-3333,0,0.0,,,,,,36.1298963,128.036588
금오동천 숯가마,숙박,남면 부상리 산 237,,0,0.0,,,,,,36.0639611,128.2994924
숲속에하루펜션,펜션,부항면 대야리 535-1,010-5219-6474,0,0.0,http://cafe.daum.net/kjm1night2day,,,,,36.0192581,127.9103645
한국스카우트연맹김천야영장,"야영,캠핑장",감문면 삼성리 1383,,0,0.0,,,,,,36.2303117,128.1716329
비씨모텔,"여관,모텔",어모면 옥계리 26-1,054-430-2003,0,0.0,,,,,,36.2196609,128.0975384
힐탑장,"여관,모텔",응명동 707-3,,0,0.0,,,,,,36.1459073,128.124449
삼원장여관,"여관,모텔",평화동 245-186,054-432-7588,0,0.0,,,,,,36.1247786,128.1093902
향원모텔,"여관,모텔",부곡동 432-21,010-4879-1263,0,0.0,,,,,,36.1255521,128.1051874
모텔러브,"여관,모텔",남면 부상리 47-5,054-431-0030,0,0.0,,,,,,36.0649367,128.298245
디올모텔,"여관,모텔",평화동 229-1,,0,0.0,,,,,,0,0
캐슬모텔,"여관,모텔",남면 봉천리 181-9,,0,0.0,,,,,,36.14033,128.223748
천웅모텔,"여관,모텔",부곡동 425-18,054-433-5666,0,0.0,,,,,,36.1247821,128.1034277
낙원모텔,"여관,모텔",부곡동 440-10,054-433-8558,0,0.0,,,,,,36.1263489,128.1061261
영남여관,"여관,모텔",평화동 324-1,054-434-2128,0,0.0,,,,,,35.7873541,127.1280925
김천 극동,호텔,부곡동 425-17,,0,0.0,,,,,,36.1245731,128.103253
강남장,"여관,모텔",지좌동 759-5,,0,0.0,,,,,,36.1160363,128.1331851
김천 TOP,호텔,삼락동 1180,,0,0.0,,,,,,36.1427584,128.0923294
산마을민박,민박,대항면 운수리 406,054-436-6811,0,0.0,,,,,,36.1107676,128.0128925
은하장모텔,"여관,모텔",용두동 63-1,054-439-4419,0,0.0,,,,,,36.1192056,128.1279075
핑크모텔,"여관,모텔",감호동 34,054-434-0006,0,0.0,,,,,,36.1213971,128.1291494
자연이숨쉬는집,숙박,대항면 향천리 1007,054-430-5117,0,0.0,,,,,,36.131598,128.0063119
제주파크장,"여관,모텔",평화동 245-183,054-430-6990,0,0.0,,,,,,36.1247491,128.1090702
혜림모텔,"여관,모텔",평화동 300-21,,0,0.0,,,,,,36.1222816,128.1145946
제일파크,"여관,모텔",부곡동 432-6,054-432-4001,0,0.0,,,,,,36.1256331,128.1052697
코리아장여관,"여관,모텔",평화동 147-19,054-439-3449,0,0.0,,,,,,36.1267945,128.1076576
알로프랑스,"야영,캠핑장",어모면 중왕리 472-23,,0,0.0,,,,,,36.1796019,128.1253183
그곳애모텔,"여관,모텔",남면 오봉리 6-4,,0,0.0,,,,,,36.0995557,128.2763584
성수장여관,"여관,모텔",평화동 149-1,054-432-4828,0,0.0,,,,,,0,0
하이파크장,"여관,모텔",부곡동 442-6,054-433-5888,0,0.0,,,,,,36.1258798,128.1055622
애림장여관,"여관,모텔",평화동 255-15,054-437-8950,0,0.0,,,,,,36.1239609,128.1115498
이모텔,숙박,덕곡동 1001-1,054-432-3218,0,0.0,,,,,,36.1180114,128.1510975
프라임에셋,"여관,모텔",신음동 1210-5,,0,0.0,,,,,,36.1321259,128.1053806
시대모텔,"여관,모텔",부곡동 425-21,054-432-2445,0,0.0,,,,,,36.1244234,128.1033639
드라이브인휴모텔,숙박,아포읍 의리 535,054-910-5200,0,0.0,,,,,,36.1762215,128.239779
동원여인숙,"여관,모텔",평화동 334-41,,0,0.0,,,,,,36.1233992,128.1117445
하이트모텔,"여관,모텔",감호동 31,,0,0.0,,,,,,36.1214735,128.1293639
금호장,"여관,모텔",성내동 73-13,,0,0.0,,,,,,36.1218984,128.1193821
증산민박,민박,증산면 유성리 291-4,054-437-0059,0,0.0,,,,,,35.9010754,128.0367206
부산장여관,"여관,모텔",대항면 향천리 324-3,,0,0.0,,,,,,36.1149203,128.0170609
뉴리베라모텔여관,"여관,모텔",부곡동 428-16,,0,0.0,,,,,,36.1235275,128.1034028
청운여관,"여관,모텔",감호동 12-10,054-434-4741,0,0.0,,,,,,36.12247190000001,128.1295811
애림여관,"여관,모텔",양천동 391-11,,0,0.0,,,,,,36.0990326,128.1166476
서림장여관,"여관,모텔",황금동 86-1,,0,0.0,,,,,,35.8400931,128.6402716
청암민박식당,민박,증산면 금곡리 1326-29,054-437-0395,0,0.0,,,,,,35.8760949,128.0474714
제이모텔,숙박,어모면 동좌리 25,,0,0.0,,,,,,36.1852628,128.110715
모텔S,"여관,모텔",남면 오봉리 590-2,,0,0.0,,,,,,36.1011482,128.2578169
명품펜션갤러리,숙박,봉산면 예지리 668-1,,0,0.0,,,,,,36.1427797,128.0483838
김천 소야,호텔,부곡동 361-44,,0,0.0,,,,,,36.12437930000001,128.105408
에스모텔,숙박,남면 오봉리 590-1,,0,0.0,,,,,,36.1014291,128.2575279
금강산모텔,"여관,모텔",부곡동 426-14,,0,0.0,,,,,,36.1241141,128.1046133
수도산민박,민박,증산면 유성리 764,,0,0.0,,,,,,35.9016342,128.0365968
올리비아모텔,숙박,평화동 145-5,,0,0.0,,,,,,36.1272092,128.1086347
오감식품,숙박,평화동 259-1,,0,0.0,,,,,,36.1237001,128.1128936
문복록무료체험,숙박,,,0,0.0,,,,,,0,0
문복록무료체험,숙박,개령면 서부리 324,,0,0.0,,,,,,36.1650304,128.1788798
문복록무료체험,숙박,증산면 금곡리 525-1,,0,0.0,,,,,,35.8836579,128.0401061
문복록무료체험,숙박,남산동 11-5,,0,0.0,,,,,,35.2689785,129.0839182
일진빌,"여관,모텔",감호동 32,,0,0.0,,,,,,36.1215385,128.1291996
굿타임장여관,"여관,모텔",평화동 147-18,,0,0.0,,,,,,36.1267421,128.1078464
괘방령산장,"산장,별장",매곡면 어촌리 481,,0,0.0,http://blog.naver.com/bgs8008,,,,,36.1515622,127.9903527
카리브모텔,"여관,모텔",추풍령면 추풍령리 212-3,,1,5.0,,['강승국'],['2019.08.25.'],['5'],[''],36.208613,128.0030106
휴먼트리펜션,펜션,무을면 안곡리 233-6,010-3356-3322,0,0.0,http://www.humantreepension.com/,,,,,36.275943,128.1524364
호텔금오산,특급호텔,남통동 산 24-9,054-450-4000,3,4.0,http://www.hotelgeumosan.com/,"['이세민', 'pq', 'INDOI']","['2021.07.07.', '2020.12.13.', '2019.11.12.']","['4', '4', '4']","['', '-청결하고 조용함 -호수산책로 괜찮음  -수영장이 있으면 좋겠다', '깨끗하고 좋네요...']",36.1105826,128.3100535
라온제나펜션,펜션,추풍령면 계룡리 518,043-745-5425,2,3.0,,"['psy', '한성미 짱']","['2021.11.15.', '2019.08.18.']","['1', '5']","['1점도 주기 아까운데 후기 남기려고 어쩔 수 없이 별 1개드립니다. 저희가 예약한 방엔 모르는 사람들이 티비보고 누워있었고 사장님이 오셔서 다른 방을 안내해주셨는데 그방엔 벌레가 나오고 도어락 비번을 알려줄 수 없으니 문을 조금씩 열고 다니라는 어이없는 말을 하셨습니다. 지금까지 펜션 많이 다녀봤지만 이렇게 제가 예약한 방에 다른 사람이 사용하고 있었던 적...', '지은지 얼마안되어 모든 시설이 깨끗합니다. 가족과 지인들과 함께 가서 친절한 사장님 덕분에 편안하게 쉬다가 왔습니다. 다음에 꼭 다시 갈께욤~^^']",36.2085679,127.9638126
에덴파크장,"여관,모텔",추풍령면 추풍령리 122,043-742-3913,0,0.0,,,,,,36.211379,128.0055275
이화정파크,"여관,모텔",공성면 이화리 791,054-534-3301,2,5.0,,"['보영', '김정식']","['2021.06.15.', '2018.01.14.']","['5', '5']","['', '']",36.2755106,128.0876313
컨티뉴호텔 구미점,"여관,모텔",봉곡동 402-6,0507-1485-2050,1,4.0,https://continewhotelgumi.modoo.at/,['이 영 호'],['2020.10.15.'],['4'],['청결하다'],36.1477112,128.3110731
큐무인텔,"여관,모텔",공성면 금계리 900,054-534-5400,2,3.0,,"['김현송', '지환']","['2020.06.01.', '2020.04.21.']","['5', '1']","['잘 쉬었다가 갑니다~~', '방음이 안돼서 도무지 잠을잘수가없네요ᆢ']",36.2825291,128.0833712
썬모텔,"여관,모텔",추풍령면 관리 390-1,043-742-3303,0,0.0,,,,,,36.2144945,127.998893
추풍장여관,"여관,모텔",추풍령면 추풍령리 339-2,043-742-2606,0,0.0,,,,,,36.2118378,127.9992571
무인텔9,"여관,모텔",공성면 금계리 900-5,054-534-5401,0,0.0,,,,,,36.2825291,128.0833712
유앤아이펜션,펜션,남통동 312-3,010-4419-5300,3,2.0,http://www.geummoyouandi.com/,"['슈퍼하이테크', '방문인', '.']","['2020.06.12.', '2019.09.24.', '2019.05.19.']","['2', '2', '2']","['리모델링한듯..하지만 지저분.. 방충망 제대로 없음 주인 아저씨는 친절함', '어쿠 ~~~평이 안 좋네요..정보 감사해요...요기 안갈래요', '처음에 들어갔을 때는 괜찮았는데 시간이 지나고보니 동생들이 바퀴벌레가 있는 것을 발견했습니다. 그리고 침대 2개있는 것을 한 곳으로 모았는데 먼지와 쓰레기들이 함께 발견이 되더군요. 또한 아주머니께서 선풍기 씻어놓은게 있다고 했었는데 막상 가보니 먼지가 쌓인 선풍기를 주십니다. 마지막으로 제가 있던 방은 작은 방의 에어컨이 잘 됐었는데 거실의 에어컨은 작동...']",36.1108533,128.3150952
대성글램핑&펜션,글램핑장,북삼읍 숭오리 879,010-9419-3211,3,3.7,http://xn--bj0bv8ghse6zlclz.com/,"['나마스테', '멜론머스크', '무지']","['2021.06.02.', '2021.04.20.', '2020.08.23.']","['5', '1', '5']","['사장님 친절해요 시설깨끗하고 쾌적해요. 근데 뒷편에서 시궁창 냄새 올라와서 역겨워요 ㅜ', '사장님 친절한데 10시에 방마다 일어났는지 확인하러 방문하시고 가격대비 부족한게 많습니다. 4명 가서 추가요금 내고 큰 이불 2개... 부들부들...', '지인들과 코로나를 피해 놀러갔는데  청소를 얼마나 잘해주셧는지 글램핑 텐트 바닥에 먼지한톨 없고 샤워장이나 화장실은 물때나 산속 벌레친구들 사체 하나 없어서 편하게 쉬었고  에어컨도 시원해서 밤에 불편함 없이 숯불에 고기궈먹고 잘잤네요.  아침에 일찍 일어나서 한바퀴 도니   수영장 물빼서 깨끗하게 청소하시는데   나중에 애들데려가도 안심하고 놀수있겠더라구...']",36.0650064,128.2999293
큐나인모텔,"여관,모텔",봉곡동 404-5,010-5249-5621,2,5.0,http://www.xn--2e0b04w12a7y4c.com/,"['재혁', '따라다니지마라뒤진다']","['2021.09.24.', '2020.09.14.']","['5', '5']","['국토종주길에 묵었습니다 사장님이 너무 친절하시고 이것저것 배려해주셔서 구미에는 좋은기억으로 남게되었습니다 ', '너무너무 잘쉬다갑니다~ 깨끗하고 객실컨디션 좋았어욥~ 다른분들도 이용해보시길']",36.1482086,128.3128608
애니텔,"여관,모텔",봉곡동 402-4,054-444-1858,1,3.0,,['정진덕'],['2019.04.18.'],['3'],['인근 대형 주차가능.'],36.1479076,128.3111238
금오산 야영장,오토캠핑장,남통동,054-480-4631,1,3.0,http://www.gumi.go.kr/tour/contents.do?mId=0109010000,['회정'],['2021.08.25.'],['3'],[''],36.1077213,128.3076614
호텔금오산 금오벨리글램핑,"야영,캠핑장",남통동 산 24-9,054-450-4011,0,0.0,http://www.hotelgeumosan.com/,,,,,36.1105826,128.3100535
호텔마천루,"여관,모텔",봉곡동 402-10,054-444-6116,0,0.0,,,,,,36.1481921,128.3115872
금오산모텔,"여관,모텔",남통동 312-6,054-456-9000,1,5.0,http://xn--jj0bl3vlues8fhtp.com/,['이경호'],['2020.04.02.'],['5'],[''],36.1104712,128.3154291
봉곡첼로모텔,"여관,모텔",봉곡동 403-7,054-444-9918,0,0.0,,,,,,36.1475775,128.3115404
핑크로즈모텔,"여관,모텔",남통동 312-5,054-444-0057,2,4.5,,"['이동학', '김덕민']","['2020.03.19.', '2016.07.24.']","['5', '4']","['주인부부의 친절함과 구석구석 정성스런 데코레이션이 편안함을주며 깨끗해서 너무 좋습니다', '드라이어 없는 것 빼고 굿']",36.1103144,128.3150897
싼타모텔,"여관,모텔",봉곡동 403-9,054-451-4002,1,5.0,,['tery'],['2019.08.17.'],['5'],['최신 시설은 아니지만 깨끗하고 저렴한 숙박료~~^^'],36.1474099,128.311523
킹모텔,"여관,모텔",봉곡동 404-4,054-444-2323,0,0.0,,,,,,36.1483674,128.3127992
채봉모텔,"여관,모텔",매곡면 수원리 797-16,043-744-3200,0,0.0,,,,,,36.1805125,127.9259333
호수정원펜션,펜션,무을면 무수리 498,,0,0.0,http://blog.naver.com/akdcl0528,,,,,36.2893958,128.1910597
엘림,"여관,모텔",,,0,0.0,,,,,,0,0
짝모텔,"여관,모텔",봉곡동 109-12,054-451-1616,0,0.0,,,,,,36.1453832,128.3110905
토론토모텔,"여관,모텔",봉곡동 404-1,054-441-1818,0,0.0,,,,,,36.1481088,128.3120614
구미 유아이펜션,펜션,남통동 312-3,,2,1.0,,"['ㅂ', '태연']","['2021.10.12.', '2021.10.11.']","['1', '1']","['사장본인이나 사장님 가족이라면!!! 그런데서 잠잘수 있습니까?', '가지마세요.']",36.1108533,128.3150952
인터불고모텔,"여관,모텔",봉곡동 402-10,054-444-6116,0,0.0,,,,,,36.1481921,128.3115872
파크비지니스호텔,호텔,남통동 150-1,054-451-9000,1,3.0,,['INDOI'],['2019.11.12.'],['3'],['조식포함 7만원 호텔인데 가성비는 끝내준다 유일한 단점은 난방이 벽걸이 에어컨... 밤새 30도로 밎춰놧는데 살짝 쌀쌀하다 그리고 무지 건조하다'],36.1212658,128.3252592
크리스탈모텔,"여관,모텔",봉곡동 406-2,054-442-0818,0,0.0,,,,,,36.1487899,128.3138888
이코노미호텔 구미점,호텔,원평동 371-12,054-451-1131,2,4.5,http://www.ekonomy.co.kr/,"['홍샘010-8619-5652', 'ㅋㅋㅋ']","['2021.06.02.', '2020.06.03.']","['5', '4']","['', '접근성 좋고 깔끔해서 좋습니다']",36.128207,128.334289
모텔하와이,"여관,모텔",봉곡동 403-1,054-442-5222,0,0.0,,,,,,36.1478739,128.3115927
한솔파크빌리지,"여관,모텔",남통동 312-7,,0,0.0,,,,,,36.110604,128.3153196
테니스펜션,펜션,초전면 월곡리 552-4,,0,0.0,,,,,,36.0100358,128.2372125
온모텔,"여관,모텔",원평동 130-16,054-441-8111,1,3.0,,['3점이평균값'],['2019.03.15.'],['3'],['모텔임을 감안하면 깨끗하고 괜찮아용'],36.1290086,128.3328759
호텔금오산 연회예약실,호텔,남통동 산 24-9,054-450-4007,0,0.0,http://www.hotelgeumosan.com/,,,,,36.1105826,128.3100535
실크로드모텔,"여관,모텔",남통동 312-2,054-457-6341,0,0.0,,,,,,36.1109734,128.3150412
달자캠핑장,"야영,캠핑장",상촌면 대해리 503-2,,1,5.0,http://cafe.naver.com/daljacamping.cafe,['윤희은'],['2021.08.27.'],['5'],[''],36.0880774,127.9037339
1004펜션야영장,"야영,캠핑장",상촌면 하도대리 25-11,,1,5.0,,['heyjin'],['2020.04.12.'],['5'],['이집 강아지들 넘나 사랑스럽규요. 애교둥이들에다가 너무 순하고 조용해서 우리강아지들이랑도 너무 잘 지냈습니다. 아직 성수기가 아니다보니 사람이 없어서 우리끼리만 놀기 좋았네오 ㅎㅎ 전체적인 풍경 사장님께서 꾸며놓은 공간들이 이모저모 좋았습니다 강아지 키우지않아도 충분히 시간보내기 좋은 곳이였어요~!'],36.125449,127.8975625
모텔캐슬,"여관,모텔",원평동 418-1,054-455-4546,1,5.0,,['장마시작'],['2020.06.18.'],['5'],['좋음'],36.1249309,128.3303702
왕산골캠핑농원,"야영,캠핑장",고아읍 대망리 505-2,,0,0.0,http://www.wangsancamp.com/,,,,,36.1909778,128.3214688
영동물한계곡초록마을펜션평상,펜션,상촌면 대해리 1041-3,010-2247-7827,2,3.0,http://xn--3o2b0z96mira10v7jj52llka.com/,"['박병현', '안효빈']","['2019.08.27.', '2018.08.12.']","['1', '5']","['사장님 경영방침이 똑 소리 납니다.  사장님은 멀리서 우리를 항상 지켜보고 있는것 같습니다.  우리가 무엇을 하든 언제든지 불쑥 나타나십니다.  유아풀장에서 맘 놓고  물놀이 못합니다.  (따라다닙니다ㅠㅠ)  퇴실 시간이 지나면 알짤 없습니다.  정말 똑 소리 납니다.  그래도 물한계곡은 정말 괜찮았습니다.', '']",36.113788,127.8943719
비즈,"여관,모텔",원평동 120-1,054-452-1090,1,1.0,,['장마시작'],['2020.06.18.'],['1'],['춥고 소음심하게들 리고 물도 미지근하고  어무 싸다지만 이건아닙니다 사정님'],36.1300195,128.3304015
푸른숲펜션,펜션,상촌면 하도대리 20,,0,0.0,http://cafe.daum.net/green-pension,,,,,36.127264,127.8994654
물한계곡 소망골캠핑장,"야영,캠핑장",상촌면 대해리 909,,0,0.0,http://cafe.naver.com/mulhanautocamping,,,,,36.1034018,127.8989983
에스원모텔,"여관,모텔",원평동 130-23,054-455-8492,2,5.0,,"['장마시작', '권오진']","['2020.06.18.', '2020.01.03.']","['5', '5']","['좋앗어요', '저렴하고 깨끗하고 따뜻했습니다. 가성비 굿입니다']",36.1290752,128.3325806
성용장여관,"여관,모텔",원평동 116-13,054-452-6695,0,0.0,,,,,,36.1307851,128.328957
용소골펜션,펜션,벽진면 봉학리 956,054-931-1638,0,0.0,,,,,,35.9684442,128.1738574
은하장여관,"여관,모텔",원평동 110-14,,0,0.0,,,,,,36.1309512,128.3281922
용호장여관,"여관,모텔",원평동 10-17,054-452-9411,0,0.0,,,,,,36.1315873,128.3292348
7080민들레라이브카페,숙박,남통동 13-2,,0,0.0,,,,,,36.1303632,128.3233469
남경회만오천냥,숙박,고아읍 원호리 393,,0,0.0,,,,,,36.153079,128.3257439
영심파크모텔,"여관,모텔",원평동 156-15,,0,0.0,,,,,,36.1301058,128.3324439
서울여인숙,"여관,모텔",원평동 179-22,,0,0.0,,,,,,36.13191,128.332176
스위스별장,"산장,별장",원평동 142,054-451-5253,0,0.0,,,,,,36.1294226,128.3334043
미도장,"여관,모텔",원평동 377-1,,0,0.0,,,,,,36.1287157,128.3335079
해들녘펜션,펜션,선산읍 완전리 158,,0,0.0,,,,,,36.2396428,128.298253
퍼피플,숙박,상촌면 하도대리 25-17,,0,0.0,,,,,,36.1260954,127.8967329
바른품미숯불구이원호점,숙박,고아읍 원호리 448-1,,0,0.0,,,,,,36.152561,128.3296181
또랑민박,민박,상촌면 대해리 1035-3,,0,0.0,,,,,,36.1099787,127.8948846
풀빛동산펜션,펜션,상촌면 대해리 381,,0,0.0,,,,,,36.0813497,127.9043783
대한숙박업중앙회,"단체,협회",평화동 341-1,054-432-6999,0,0.0,http://motel.or.kr/,,,,,0,0
